{"world":[{"botex":"inlets","bq":[0.0,0.0,0.0,1.0],"cl":"BrickObject","clr":"White","fr":true,"locked":true,"name":"SpawnPoint","pos":[0.0,31.0,0.0],"shape":0,"size":[6.0,1.0,6.0],"ttex":"studs","wto":0},{"batex":"lava_0","botex":"lava_0","bq":[-0.0,-0.0,-0.0,-1.0],"cl":"BrickObject","clr":"Red","fr":true,"ftex":"lava_0","locked":false,"ltex":"lava_0","name":"Lava","pos":[0.0,25.5,1.7881393432617188e-07],"rtex":"lava_0","shape":0,"size":[4.0,10.0,4.0],"ttex":"lava_0","wto":0},{"botex":"inlets","bq":[-0.0,-0.0,-0.0,-1.0],"cl":"BrickObject","clr":"Brown","fr":true,"locked":false,"lpos":[5.999996185302734,-7.5,-6.499997138977051],"name":"Brick1","pos":[-5.9999895095825195,31.0,2.384185791015625e-06],"q":[0.0,0.7071067094802856,0.0,-0.7071067690849304],"rlvl":1,"shape":0,"size":[18.0,1.0,6.0],"ttex":"studs","wto":9},{"botex":"inlets","bq":[-0.0,-0.0,-0.0,-1.0],"cl":"BrickObject","clr":"Brown","fr":true,"locked":false,"lpos":[0.0,0.0,0.0],"name":"Brick1","pos":[-1.9073486328125e-06,31.0,6.000000476837158],"q":[0.0,0.0,0.0,-1.0],"shape":0,"size":[6.0,1.0,6.0],"ttex":"studs","wto":0},{"botex":"inlets","bq":[-0.0,-0.0,-0.0,-1.0],"cl":"BrickObject","clr":"Brown","fr":true,"locked":false,"lpos":[-50.999977111816406,-7.5,5.999995708465576],"name":"Brick1","pos":[1.9073486328125e-05,31.0,-6.000002384185791],"q":[0.0,0.0,0.0,-1.0],"shape":0,"size":[6.0,1.0,6.0],"ttex":"studs","wto":16},{"botex":"inlets","bq":[-0.0,-0.0,-0.0,-1.0],"cl":"BrickObject","clr":"Brown","fr":true,"locked":false,"lpos":[6.000000953674316,0.0,-6.000000476837158],"name":"Brick1","pos":[5.999999046325684,31.0,0.0],"q":[0.0,0.7071067094802856,0.0,-0.7071067690849304],"rlvl":1,"shape":0,"size":[18.0,1.0,6.0],"ttex":"studs","wto":4},{"batex":"water_0","botex":"water_0","bq":[-0.0,-0.0,-0.0,-1.0],"cl":"BrickObject","clr":"LightBlue","fr":true,"ftex":"water_0","locked":false,"ltex":"water_0","name":"Water","pos":[62.499996185302734,31.0,9.5],"rtex":"water_0","shape":0,"size":[61.0,1.0,37.0],"sv":[30.0,0.0,0.0],"ttex":"water_0","wto":0},{"batex":"water_0","botex":"water_0","bq":[-0.0,-0.0,-0.0,-1.0],"cl":"BrickObject","clr":"LightBlue","fr":true,"ftex":"water_0","locked":false,"ltex":"water_0","name":"Water","pos":[101.99998474121094,31.0,43.99999237060547],"rlvl":1,"rtex":"water_0","shape":0,"size":[106.0,1.0,18.0],"sv":[30.0,0.0,0.0],"ttex":"water_0","wto":0},{"botex":"inlets","bq":[-0.0,-0.0,-0.0,-1.0],"cl":"BrickObject","clr":"Brown","fr":true,"locked":false,"lpos":[0.0,0.0,0.0],"name":"Brick1","pos":[-11.999985694885254,38.5,6.499999523162842],"q":[0.0,0.7071067094802856,0.0,-0.7071067690849304],"rlvl":1,"shape":0,"size":[43.0,16.0,6.0],"ttex":"studs","wto":0},{"botex":"inlets","bq":[-0.0,-0.0,-0.0,-1.0],"cl":"BrickObject","clr":"Brown","fr":true,"locked":true,"name":"Brick1","pos":[36.0,38.5,31.00003433227539],"shape":0,"size":[102.0,16.0,6.0],"ttex":"studs","wto":0},{"botex":"inlets","bq":[-0.0,-0.0,-0.0,-1.0],"cl":"BrickObject","clr":"Brown","fr":true,"locked":true,"name":"Brick1","pos":[31.999996185302734,32.0,-7.897615432739258e-07],"shape":0,"size":[6.0,1.0,6.0],"ttex":"studs","wto":0},{"botex":"inlets","bq":[-0.0,-0.0,-0.0,-1.0],"cl":"BrickObject","clr":"Black","fr":false,"locked":false,"lpos":[-84.00003051757813,-6.833499908447266,-31.999963760375977],"name":"Seat","pos":[30.0,31.666500091552734,-6.000001907348633],"q":[0.0,-0.7071067094802856,0.0,-0.7071067690849304],"rlvl":3,"seat":true,"shape":0,"size":[2.0,0.3330000042915344,2.0],"ttex":"studs","wto":15},{"botex":"inlets","bq":[-0.0,-0.0,-0.0,-1.0],"cl":"BrickObject","clr":"Brown","fr":true,"locked":true,"name":"Brick1","pos":[20.499996185302734,31.0,-3.8743019104003906e-07],"shape":0,"size":[23.0,1.0,18.0],"ttex":"studs","wto":0},{"botex":"inlets","bq":[-0.0,-0.0,-0.0,-1.0],"cl":"BrickObject","clr":"Brown","fr":false,"locked":false,"lpos":[-87.00003051757813,-6.5,-31.999961853027344],"name":"Brick1","pos":[27.0,32.0,-6.0],"q":[0.0,0.0,0.0,-1.0],"shape":0,"size":[2.0,1.0,4.0],"ttex":"studs","wto":15},{"botex":"inlets","bq":[-0.0,-0.0,-0.0,-1.0],"cl":"BrickObject","clr":"Brown","fr":true,"locked":true,"lpos":[0.0,0.0,0.0],"name":"Brick1","pos":[114.00003051757813,38.5,25.999961853027344],"q":[0.0,0.7071067094802856,0.0,-0.7071067690849304],"rlvl":1,"shape":0,"size":[82.0,16.0,6.0],"ttex":"studs","wto":0},{"botex":"inlets","bq":[-0.0,-0.0,-0.0,-1.0],"cl":"BrickObject","clr":"Brown","fr":true,"locked":true,"lpos":[0.0,0.0,0.0],"name":"Brick1","pos":[50.999996185302734,38.5,-11.999998092651367],"q":[0.0,1.0,0.0,4.371138828673793e-08],"rlvl":2,"shape":0,"size":[120.0,16.0,6.0],"ttex":"studs","wto":0},{"botex":"inlets","bq":[-0.0,-0.0,-0.0,-1.0],"cl":"BrickObject","clr":"Brown","fr":true,"locked":true,"lpos":[0.0,0.0,0.0],"name":"Brick1","pos":[90.0000228881836,38.5,62.5],"q":[0.0,0.7071067094802856,0.0,-0.7071067690849304],"rlvl":1,"shape":0,"size":[69.0,16.0,6.0],"ttex":"studs","wto":0},{"botex":"inlets","bq":[-0.0,-0.0,-0.0,-1.0],"cl":"BrickObject","clr":"Brown","fr":false,"locked":false,"lpos":[-92.00003051757813,-6.5,-30.999961853027344],"name":"Brick1","pos":[22.0,32.0,-5.0],"q":[0.0,0.0,0.0,-1.0],"shape":0,"size":[6.0,1.0,6.0],"ttex":"studs","wto":15},{"botex":"inlets","bq":[-0.0,-0.0,-0.0,-1.0],"cl":"BrickObject","clr":"Brown","fr":true,"locked":false,"lpos":[24.000038146972656,0.0,19.499954223632813],"name":"Brick1","pos":[114.00006103515625,38.5,81.99995422363281],"q":[0.0,0.7071067094802856,0.0,-0.7071067690849304],"rlvl":1,"shape":0,"size":[30.0,16.0,6.0],"ttex":"studs","wto":17},{"batex":"water_0","botex":"water_0","bq":[-0.0,-0.0,-0.0,-1.0],"cl":"BrickObject","clr":"LightBlue","fr":true,"ftex":"water_0","locked":false,"lpos":[11.999992370605469,-7.5,1.0],"ltex":"water_0","name":"Water","pos":[93.00007629394531,31.0,149.99993896484375],"q":[0.0,0.7071067094802856,0.0,-0.7071067690849304],"rlvl":1,"rtex":"water_0","shape":0,"size":[106.0,1.0,18.0],"sv":[30.0,0.0,0.0],"ttex":"water_0","wto":23},{"batex":"water_0","botex":"water_0","bq":[-0.0,-0.0,-0.0,-1.0],"cl":"BrickObject","clr":"LightBlue","fr":true,"ftex":"water_0","locked":false,"lpos":[-11.999992370605469,-7.5,1.0],"ltex":"water_0","name":"Water","pos":[110.99983978271484,31.0,149.99998474121094],"q":[0.0,0.7071067094802856,0.0,-0.7071067690849304],"rlvl":1,"rtex":"water_0","shape":0,"size":[106.0,1.0,18.0],"sv":[30.0,0.0,0.0],"ttex":"water_0","wto":22},{"botex":"inlets","bq":[-0.0,-0.0,-0.0,-1.0],"cl":"BrickObject","clr":"Brown","fr":true,"locked":false,"lpos":[0.0,0.0,0.0],"name":"Brick1","pos":[122.99983215332031,38.5,148.99998474121094],"q":[0.0,0.7071067094802856,0.0,-0.7071067690849304],"rlvl":1,"shape":0,"size":[104.0,16.0,6.0],"ttex":"studs","wto":0},{"botex":"inlets","bq":[-0.0,-0.0,-0.0,-1.0],"cl":"BrickObject","clr":"Brown","fr":true,"locked":false,"lpos":[0.0,0.0,0.0],"name":"Brick1","pos":[81.00008392333984,38.5,148.99993896484375],"q":[0.0,0.7071067094802856,0.0,-0.7071067690849304],"rlvl":1,"shape":0,"size":[104.0,16.0,6.0],"ttex":"studs","wto":0},{"botex":"inlets","bq":[-0.0,-0.0,-0.0,-1.0],"cl":"BrickObject","clr":"Brown","fr":true,"locked":false,"name":"Brick1","pos":[119.99982452392578,38.5,93.99999237060547],"rlvl":1,"shape":0,"size":[6.0,16.0,6.0],"ttex":"studs","wto":0},{"botex":"inlets","bq":[-0.0,-0.0,-0.0,-1.0],"cl":"BrickObject","clr":"Brown","fr":true,"locked":false,"name":"Brick1","pos":[84.00007629394531,38.5,93.99995422363281],"rlvl":1,"shape":0,"size":[6.0,16.0,6.0],"ttex":"studs","wto":0},{"botex":"inlets","bq":[-0.0,-0.0,-0.0,-1.0],"cl":"BrickObject","clr":"Gray","fr":true,"locked":false,"name":"Spike","pos":[95.00006866455078,36.5,116.99996948242188],"shape":0,"size":[4.0,10.0,4.0],"ttex":"studs","wto":0},{"botex":"inlets","bq":[-0.0,-0.0,-0.0,-1.0],"cl":"BrickObject","clr":"Gray","fr":true,"locked":false,"name":"Spike","pos":[99.00007629394531,36.5,147.99993896484375],"shape":0,"size":[4.0,10.0,4.0],"ttex":"studs","wto":0},{"botex":"inlets","bq":[-0.0,-0.0,-0.0,-1.0],"cl":"BrickObject","clr":"Gray","fr":true,"locked":false,"name":"Spike","pos":[107.99983215332031,36.5,131.99996948242188],"shape":0,"size":[4.0,10.0,4.0],"ttex":"studs","wto":0},{"botex":"inlets","bq":[-0.0,-0.0,-0.0,-1.0],"cl":"BrickObject","clr":"Brown","fr":true,"locked":true,"name":"Brick1","pos":[11.500009536743164,31.0,18.999996185302734],"shape":0,"size":[41.0,1.0,20.0],"ttex":"studs","wto":0},{"botex":"inlets","bq":[-0.0,-0.0,-0.0,-1.0],"cl":"BrickObject","clr":"Brown","fr":true,"locked":true,"lpos":[43.99998092651367,-6.5,12.500003814697266],"name":"Brick1","pos":[31.999996185302734,32.0,19.000003814697266],"q":[0.0,0.0,0.0,-1.0],"shape":0,"size":[6.0,1.0,6.0],"ttex":"studs","wto":9},{"botex":"inlets","bq":[-0.0,-0.0,-0.0,-1.0],"cl":"BrickObject","clr":"Brown","fr":true,"locked":false,"lpos":[0.0,0.0,0.0],"name":"Brick1","pos":[81.00012969970703,38.5,203.99993896484375],"q":[0.0,0.7071067094802856,0.0,-0.7071067690849304],"rlvl":1,"shape":0,"size":[6.0,16.0,6.0],"ttex":"studs","wto":0},{"botex":"inlets","bq":[-0.0,-0.0,-0.0,-1.0],"cl":"BrickObject","clr":"Brown","fr":true,"locked":false,"lpos":[0.0,0.0,0.0],"name":"Brick1","pos":[122.9998779296875,38.5,203.99996948242188],"q":[0.0,0.7071067094802856,0.0,-0.7071067690849304],"rlvl":1,"shape":0,"size":[6.0,16.0,6.0],"ttex":"studs","wto":0},{"botex":"inlets","bq":[-0.0,-0.0,-0.0,-1.0],"cl":"BrickObject","clr":"Brown","fr":true,"locked":false,"lpos":[7.62939453125e-06,-16.0,35.5],"name":"Brick1","pos":[81.00013732910156,22.5,239.49993896484375],"q":[0.0,0.7071067094802856,0.0,-0.7071067690849304],"rlvl":1,"shape":0,"size":[77.0,16.0,6.0],"ttex":"studs","wto":31},{"botex":"inlets","bq":[-0.0,-0.0,-0.0,-1.0],"cl":"BrickObject","clr":"Brown","fr":true,"locked":false,"lpos":[0.0,0.0,0.0],"name":"Brick1","pos":[122.9998779296875,22.5,258.4999694824219],"q":[0.0,0.7071067094802856,0.0,-0.7071067690849304],"rlvl":1,"shape":0,"size":[115.0,16.0,6.0],"ttex":"studs","wto":0},{"batex":"water_0","botex":"water_0","bq":[-0.0,-0.0,-0.0,-1.0],"cl":"BrickObject","clr":"LightBlue","fr":true,"ftex":"water_0","locked":false,"lpos":[0.0,0.0,0.0],"ltex":"water_0","name":"Water","pos":[93.00012969970703,15.0,239.99990844726563],"q":[0.0,0.7071067094802856,0.0,-0.7071067690849304],"rlvl":1,"rtex":"water_0","shape":0,"size":[76.0,1.0,18.0],"sv":[30.0,0.0,0.0],"ttex":"water_0","wto":0},{"botex":"inlets","bq":[-0.0,-0.0,-0.0,-1.0],"cl":"BrickObject","clr":"Brown","fr":true,"locked":false,"lpos":[-21.0,-16.0,-4.0],"name":"Brick1","pos":[101.9998779296875,22.5,199.99996948242188],"q":[0.0,0.7071067094802856,0.0,-0.7071067690849304],"rlvl":1,"shape":0,"size":[4.0,16.0,36.0],"ttex":"studs","wto":32},{"batex":"water_0","botex":"water_0","bq":[-0.0,-0.0,-0.0,-1.0],"cl":"BrickObject","clr":"LightBlue","fr":true,"ftex":"water_0","locked":false,"ltex":"water_0","name":"Water","pos":[110.99988555908203,15.0,239.99996948242188],"rlvl":1,"rtex":"water_0","shape":0,"size":[76.0,1.0,18.0],"sv":[30.0,0.0,0.0],"ttex":"water_0","wto":0},{"botex":"inlets","bq":[-0.0,-0.0,-0.0,-1.0],"cl":"BrickObject","clr":"Brown","fr":true,"locked":false,"lpos":[0.0,0.0,6.0],"name":"Brick1","pos":[81.00012969970703,38.5,209.99993896484375],"q":[0.0,0.7071067094802856,0.0,-0.7071067690849304],"rlvl":1,"shape":0,"size":[6.0,16.0,6.0],"ttex":"studs","wto":31},{"botex":"inlets","bq":[-0.0,-0.0,-0.0,-1.0],"cl":"BrickObject","clr":"Brown","fr":true,"locked":false,"lpos":[0.0,16.0,-48.5],"name":"Brick1","pos":[122.9998779296875,38.5,209.99996948242188],"q":[0.0,0.7071067094802856,0.0,-0.7071067690849304],"rlvl":1,"shape":0,"size":[6.0,16.0,6.0],"ttex":"studs","wto":34},{"botex":"inlets","bq":[-0.0,-0.0,-0.0,-1.0],"cl":"BrickObject","clr":"Gray","fr":true,"locked":false,"name":"Spike","pos":[110.99988555908203,20.5,249.99998474121094],"shape":0,"size":[4.0,10.0,4.0],"ttex":"studs","wto":0},{"botex":"inlets","bq":[-0.0,-0.0,-0.0,-1.0],"cl":"BrickObject","clr":"Gray","fr":true,"locked":false,"name":"Spike","pos":[93.00013732910156,20.5,266.9999084472656],"shape":0,"size":[4.0,10.0,4.0],"ttex":"studs","wto":0},{"batex":"water_0","botex":"water_0","bq":[-0.0,-0.0,-0.0,-1.0],"cl":"BrickObject","clr":"LightBlue","fr":true,"ftex":"water_0","locked":false,"lpos":[-10.999664306640625,0.0,46.999969482421875],"ltex":"water_0","name":"Water","pos":[82.0004653930664,15.0,286.9998779296875],"q":[0.0,1.0,0.0,4.371138828673793e-08],"rlvl":2,"rtex":"water_0","shape":0,"size":[76.0,1.0,18.0],"sv":[30.0,0.0,0.0],"ttex":"water_0","wto":35},{"batex":"water_0","botex":"water_0","bq":[-0.0,-0.0,-0.0,-1.0],"cl":"BrickObject","clr":"LightBlue","fr":true,"ftex":"water_0","locked":false,"lpos":[-10.999671936035156,0.0,64.99996948242188],"ltex":"water_0","name":"Water","pos":[82.00045776367188,15.0,304.9998779296875],"q":[0.0,1.0,0.0,4.371138828673793e-08],"rlvl":2,"rtex":"water_0","shape":0,"size":[76.0,1.0,18.0],"sv":[30.0,0.0,0.0],"ttex":"water_0","wto":42},{"botex":"inlets","bq":[-0.0,-0.0,-0.0,-1.0],"cl":"BrickObject","clr":"Brown","fr":true,"locked":false,"name":"Brick1","pos":[81.99989318847656,22.5,317.0],"rlvl":1,"shape":0,"size":[6.0,16.0,76.0],"ttex":"studs","wto":0},{"botex":"inlets","bq":[-0.0,-0.0,-0.0,-1.0],"cl":"BrickObject","clr":"Brown","fr":true,"locked":false,"lpos":[0.0,0.0,0.0],"name":"Brick1","pos":[60.50015640258789,22.5,274.9999694824219],"q":[0.0,0.7071067094802856,0.0,-0.7071067690849304],"rlvl":1,"shape":0,"size":[6.0,16.0,35.0],"ttex":"studs","wto":0},{"batex":"water_0","botex":"water_0","bq":[-0.0,-0.0,-0.0,-1.0],"cl":"BrickObject","clr":"LightBlue","fr":true,"ftex":"water_0","locked":false,"ltex":"water_0","name":"Water","pos":[23.000267028808594,24.0,287.00006103515625],"rlvl":2,"rtex":"water_0","shape":0,"size":[76.0,1.0,18.0],"sv":[30.0,0.0,0.0],"ttex":"water_0","wto":0},{"batex":"water_0","botex":"water_0","bq":[-0.0,-0.0,-0.0,-1.0],"cl":"BrickObject","clr":"LightBlue","fr":true,"ftex":"water_0","locked":false,"ltex":"water_0","name":"Water","pos":[23.00025177001953,24.0,305.00006103515625],"rlvl":2,"rtex":"water_0","shape":0,"size":[76.0,1.0,18.0],"sv":[30.0,0.0,0.0],"ttex":"water_0","wto":0},{"botex":"inlets","bq":[-0.0,-0.0,-0.0,-1.0],"cl":"BrickObject","clr":"Brown","fr":true,"locked":false,"name":"Brick1","pos":[5.999908447265625,36.0,317.0],"rlvl":1,"shape":0,"size":[6.0,43.0,76.0],"ttex":"studs","wto":0},{"botex":"inlets","bq":[-0.0,-0.0,-0.0,-1.0],"cl":"BrickObject","clr":"Brown","fr":true,"locked":false,"lpos":[-55.49999237060547,13.5,0.0],"name":"Brick1","pos":[5.000164031982422,36.0,274.9999694824219],"q":[0.0,0.7071067094802856,0.0,-0.7071067690849304],"rlvl":1,"shape":0,"size":[6.0,43.0,76.0],"ttex":"studs","wto":45}]}