{"world":[{"botex":"inlets","bq":[-0.0,-0.0,-0.0,-1.0],"cl":"BrickObject","clr":"ForestGreen","fr":true,"locked":false,"lpos":[0.0,0.0,0.0],"name":"Baseplate","pos":[0.0,30.0,0.0],"q":[0.0,0.0,0.0,-1.0],"shape":0,"size":[200.0,1.0,200.0],"ttex":"studs","wto":0},{"botex":"inlets","bq":[0.0,0.0,0.0,-4.371138828673793e-08],"cl":"BrickObject","clr":"White","fr":true,"locked":false,"name":"SpawnPoint","pos":[0.0,31.0,0.0],"shape":0,"size":[6.0,1.0,6.0],"ttex":"studs","wto":0},{"botex":"inlets","bq":[-0.0,-0.0,-0.0,-1.0],"cl":"BrickObject","clr":"Green","fr":true,"locked":false,"lpos":[-47.0,7.5,-56.0],"name":"Brick1","pos":[-47.0,37.5,-56.0],"q":[0.0,0.0,0.0,-1.0],"shape":0,"size":[48.0,14.0,62.0],"ttex":"studs","wto":1},{"botex":"inlets","bq":[-0.0,-0.0,-0.0,-1.0],"cl":"BrickObject","clr":"Green","fr":true,"locked":false,"lpos":[-47.0,4.0,6.0],"name":"Brick1","pos":[-47.0,34.0,6.0],"q":[0.0,0.0,0.0,-1.0],"shape":0,"size":[30.0,7.0,62.0],"ttex":"studs","wto":1},{"botex":"inlets","bq":[-0.0,-0.0,-0.0,-1.0],"cl":"BrickObject","clr":"Green","fr":true,"locked":false,"lpos":[35.0,7.5,-56.0],"name":"Brick1","pos":[35.0,37.5,-56.0],"q":[0.0,1.0,0.0,4.371138828673793e-08],"shape":0,"size":[48.0,14.0,62.0],"ttex":"studs","wto":1},{"botex":"inlets","bq":[-0.0,-0.0,-0.0,-1.0],"cl":"BrickObject","clr":"Caucasian","fr":true,"locked":false,"lpos":[9.0,14.0,-53.500022888183594],"name":"Brick1","pos":[9.0,44.0,-53.500022888183594],"q":[0.0,0.0,0.0,-1.0],"shape":0,"size":[4.0,1.0,9.0],"ttex":"studs","wto":1},{"botex":"inlets","bq":[-0.0,-0.0,-0.0,-1.0],"cl":"BrickObject","clr":"Caucasian","fr":true,"locked":false,"lpos":[5.0,14.0,-53.500022888183594],"name":"Brick1","pos":[5.0,44.0,-53.500022888183594],"q":[0.0,0.0,0.0,-1.0],"shape":0,"size":[4.0,1.0,9.0],"ttex":"studs","wto":1},{"botex":"inlets","bq":[-0.0,-0.0,-0.0,-1.0],"cl":"BrickObject","clr":"Caucasian","fr":true,"locked":false,"lpos":[2.0,13.0,-53.500022888183594],"name":"Brick1","pos":[2.0,43.0,-53.500022888183594],"q":[0.0,0.0,0.0,-1.0],"shape":0,"size":[4.0,1.0,9.0],"ttex":"studs","wto":1},{"botex":"inlets","bq":[-0.0,-0.0,-0.0,-1.0],"cl":"BrickObject","clr":"Caucasian","fr":true,"locked":false,"lpos":[-1.0,11.738887786865234,-53.500022888183594],"name":"Brick1","pos":[-1.0,41.738887786865234,-53.500022888183594],"q":[0.0,0.0,0.0,-1.0],"shape":0,"size":[4.0,1.0,9.0],"ttex":"studs","wto":1},{"botex":"inlets","bq":[-0.0,-0.0,-0.0,-1.0],"cl":"BrickObject","clr":"Caucasian","fr":true,"locked":false,"lpos":[-5.0,11.738887786865234,-53.500022888183594],"name":"Brick1","pos":[-5.0,41.738887786865234,-53.500022888183594],"q":[0.0,0.0,0.0,-1.0],"shape":0,"size":[4.0,1.0,9.0],"ttex":"studs","wto":1},{"botex":"inlets","bq":[-0.0,-0.0,-0.0,-1.0],"cl":"BrickObject","clr":"Caucasian","fr":true,"locked":false,"lpos":[0.4999609589576721,15.0,-57.500022888183594],"name":"Brick1","pos":[0.4999609589576721,45.0,-57.500022888183594],"q":[0.0,0.0,0.0,-1.0],"shape":0,"size":[1.0,3.0,1.0],"ttex":"studs","wto":1},{"botex":"inlets","bq":[-0.0,-0.0,-0.0,-1.0],"cl":"BrickObject","clr":"Caucasian","fr":true,"locked":false,"lpos":[3.499927520751953,16.0,-57.500022888183594],"name":"Brick1","pos":[3.499927520751953,46.0,-57.500022888183594],"q":[0.0,0.0,0.0,-1.0],"shape":0,"size":[1.0,3.0,1.0],"ttex":"studs","wto":1},{"botex":"inlets","bq":[-0.0,-0.0,-0.0,-1.0],"cl":"BrickObject","clr":"Caucasian","fr":true,"locked":false,"lpos":[10.499927520751953,16.0,-57.500022888183594],"name":"Brick1","pos":[10.499927520751953,46.0,-57.500022888183594],"q":[0.0,0.0,0.0,-1.0],"shape":0,"size":[1.0,3.0,1.0],"ttex":"studs","wto":1},{"botex":"inlets","bq":[-0.0,-0.0,-0.0,-1.0],"cl":"BrickObject","clr":"Caucasian","fr":true,"locked":false,"lpos":[10.499927520751953,16.0,-49.500022888183594],"name":"Brick1","pos":[10.499927520751953,46.0,-49.500022888183594],"q":[0.0,0.0,0.0,-1.0],"shape":0,"size":[1.0,3.0,1.0],"ttex":"studs","wto":1},{"botex":"inlets","bq":[-0.0,-0.0,-0.0,-1.0],"cl":"BrickObject","clr":"Caucasian","fr":true,"locked":false,"lpos":[3.499927520751953,16.0,-49.500022888183594],"name":"Brick1","pos":[3.499927520751953,46.0,-49.500022888183594],"q":[0.0,0.0,0.0,-1.0],"shape":0,"size":[1.0,3.0,1.0],"ttex":"studs","wto":1},{"botex":"inlets","bq":[-0.0,-0.0,-0.0,-1.0],"cl":"BrickObject","clr":"Caucasian","fr":true,"locked":false,"lpos":[0.4999609589576721,15.0,-49.500022888183594],"name":"Brick1","pos":[0.4999609589576721,45.0,-49.500022888183594],"q":[0.0,0.0,0.0,-1.0],"shape":0,"size":[1.0,3.0,1.0],"ttex":"studs","wto":1},{"botex":"inlets","bq":[-0.0,-0.0,-0.0,-1.0],"cl":"BrickObject","clr":"Caucasian","fr":true,"locked":false,"lpos":[-6.0,16.0,-49.500022888183594],"name":"Brick1","pos":[-6.0,46.0,-49.500022888183594],"q":[0.0,0.0,0.0,-1.0],"shape":0,"size":[12.0,1.0,1.0],"ttex":"studs","wto":1},{"botex":"inlets","bq":[-0.0,-0.0,-0.0,-1.0],"cl":"BrickObject","clr":"Caucasian","fr":true,"locked":false,"lpos":[-6.0,16.0,-57.500022888183594],"name":"Brick1","pos":[-6.0,46.0,-57.500022888183594],"q":[0.0,0.0,0.0,-1.0],"shape":0,"size":[12.0,1.0,1.0],"ttex":"studs","wto":1},{"botex":"inlets","bq":[-0.0,-0.0,-0.0,-1.0],"cl":"BrickObject","clr":"Caucasian","fr":true,"locked":false,"lpos":[1.4999275207519531,17.0,-57.500022888183594],"name":"Brick1","pos":[1.4999275207519531,47.0,-57.500022888183594],"q":[0.0,0.0,0.0,-1.0],"shape":0,"size":[3.0,1.0,1.0],"ttex":"studs","wto":1},{"botex":"inlets","bq":[-0.0,-0.0,-0.0,-1.0],"cl":"BrickObject","clr":"Caucasian","fr":true,"locked":false,"lpos":[1.4999275207519531,17.0,-49.500022888183594],"name":"Brick1","pos":[1.4999275207519531,47.0,-49.500022888183594],"q":[0.0,0.0,0.0,-1.0],"shape":0,"size":[3.0,1.0,1.0],"ttex":"studs","wto":1},{"botex":"inlets","bq":[-0.0,-0.0,-0.0,-1.0],"cl":"BrickObject","clr":"Caucasian","fr":true,"locked":false,"lpos":[7.0,18.0,-57.500022888183594],"name":"Brick1","pos":[7.0,48.0,-57.500022888183594],"q":[0.0,0.0,0.0,-1.0],"shape":0,"size":[8.0,1.0,1.0],"ttex":"studs","wto":1},{"botex":"inlets","bq":[-0.0,-0.0,-0.0,-1.0],"cl":"BrickObject","clr":"Caucasian","fr":true,"locked":false,"lpos":[7.0,18.0,-49.500022888183594],"name":"Brick1","pos":[7.0,48.0,-49.500022888183594],"q":[0.0,0.0,0.0,-1.0],"shape":0,"size":[8.0,1.0,1.0],"ttex":"studs","wto":1},{"botex":"inlets","bq":[-0.0,-0.0,-0.0,-1.0],"cl":"BrickObject","clr":"Black","fr":true,"locked":false,"lpos":[52.49992370605469,11.5,19.49993133544922],"name":"Brick1","pos":[52.49992370605469,41.5,19.49993133544922],"q":[0.0,0.0,0.0,-1.0],"shape":0,"size":[33.0,22.0,31.0],"ttex":"studs","wto":1},{"botex":"inlets","bq":[-0.0,-0.0,-0.0,-1.0],"cl":"BrickObject","clr":"Black","fr":true,"locked":false,"lpos":[34.0,3.0,29.0],"name":"Brick1","pos":[34.0,33.0,29.0],"q":[0.0,0.0,0.0,-1.0],"shape":0,"size":[4.0,5.0,4.0],"ttex":"studs","wto":1},{"botex":"inlets","bq":[-0.0,-0.0,-0.0,-1.0],"cl":"BrickObject","clr":"Black","fr":true,"locked":false,"lpos":[34.0,5.5,23.0],"name":"Brick1","pos":[34.0,35.5,23.0],"q":[0.0,0.0,0.0,-1.0],"shape":0,"size":[4.0,10.0,4.0],"ttex":"studs","wto":1},{"botex":"inlets","bq":[-0.0,-0.0,-0.0,-1.0],"cl":"BrickObject","clr":"Black","fr":true,"locked":false,"lpos":[34.0,7.5,17.0],"name":"Brick1","pos":[34.0,37.5,17.0],"q":[0.0,0.0,0.0,-1.0],"shape":0,"size":[4.0,14.0,4.0],"ttex":"studs","wto":1},{"botex":"inlets","bq":[-0.0,-0.0,-0.0,-1.0],"cl":"BrickObject","clr":"Black","fr":true,"locked":false,"lpos":[34.0,9.5,11.0],"name":"Brick1","pos":[34.0,39.5,11.0],"q":[0.0,0.0,0.0,-1.0],"shape":0,"size":[4.0,18.0,4.0],"ttex":"studs","wto":1},{"botex":"inlets","bq":[-0.0,-0.0,-0.0,-1.0],"cl":"BrickObject","clr":"Gray","fr":true,"locked":false,"lpos":[61.0,23.5,29.0],"name":"Brick1","pos":[61.0,53.5,29.0],"q":[0.0,0.0,0.0,-1.0],"shape":0,"size":[4.0,2.0,2.0],"ttex":"studs","wto":1},{"botex":"inlets","bq":[-0.0,-0.0,-0.0,-1.0],"cl":"BrickObject","clr":"Gray","fr":true,"locked":false,"lpos":[57.0,23.5,29.0],"name":"Brick1","pos":[57.0,53.5,29.0],"q":[0.0,0.0,0.0,-1.0],"shape":0,"size":[4.0,2.0,2.0],"ttex":"studs","wto":1},{"botex":"inlets","bq":[-0.0,-0.0,-0.0,-1.0],"cl":"BrickObject","clr":"Gray","fr":true,"locked":false,"lpos":[53.0,23.490966796875,29.0],"name":"Brick1","pos":[53.0,53.490966796875,29.0],"q":[0.0,0.0,0.0,-1.0],"shape":0,"size":[4.0,2.0,2.0],"ttex":"studs","wto":1},{"botex":"inlets","bq":[-0.0,-0.0,-0.0,-1.0],"cl":"BrickObject","clr":"Gray","fr":true,"locked":false,"lpos":[49.0,23.493907928466797,29.0],"name":"Brick1","pos":[49.0,53.4939079284668,29.0],"q":[0.0,0.0,0.0,-1.0],"shape":0,"size":[4.0,2.0,2.0],"ttex":"studs","wto":1},{"botex":"inlets","bq":[-0.0,-0.0,-0.0,-1.0],"cl":"BrickObject","clr":"Gray","fr":true,"locked":false,"lpos":[46.0,23.496952056884766,28.0],"name":"Brick1","pos":[46.0,53.496952056884766,28.0],"q":[0.0,0.7071064710617065,0.0,-0.7071070075035095],"shape":0,"size":[4.0,2.0,2.0],"ttex":"studs","wto":1},{"botex":"inlets","bq":[-0.0,-0.0,-0.0,-1.0],"cl":"BrickObject","clr":"Gray","fr":true,"locked":false,"lpos":[46.0,23.5,20.0],"name":"Brick1","pos":[46.0,53.5,20.0],"q":[0.0,0.7071064710617065,0.0,-0.7071070075035095],"rlvl":1,"shape":0,"size":[4.0,2.0,2.0],"ttex":"studs","wto":1},{"botex":"inlets","bq":[-0.0,-0.0,-0.0,-1.0],"cl":"BrickObject","clr":"Gray","fr":true,"locked":false,"lpos":[62.0,23.5,26.0],"name":"Brick1","pos":[62.0,53.5,26.0],"q":[0.0,0.7071064710617065,0.0,-0.7071070075035095],"rlvl":1,"shape":0,"size":[4.0,2.0,2.0],"ttex":"studs","wto":1},{"botex":"inlets","bq":[-0.0,-0.0,-0.0,-1.0],"cl":"BrickObject","clr":"Gray","fr":true,"locked":false,"lpos":[62.0,23.5,22.0],"name":"Brick1","pos":[62.0,53.5,22.0],"q":[0.0,0.7071064710617065,0.0,-0.7071070075035095],"rlvl":1,"shape":0,"size":[4.0,2.0,2.0],"ttex":"studs","wto":1},{"botex":"inlets","bq":[-0.0,-0.0,-0.0,-1.0],"cl":"BrickObject","clr":"Gray","fr":true,"locked":false,"lpos":[46.0,23.5,12.0],"name":"Brick1","pos":[46.0,53.5,12.0],"q":[0.0,0.7071064710617065,0.0,-0.7071070075035095],"rlvl":1,"shape":0,"size":[4.0,2.0,2.0],"ttex":"studs","wto":1},{"botex":"inlets","bq":[-0.0,-0.0,-0.0,-1.0],"cl":"BrickObject","clr":"Gray","fr":true,"locked":false,"lpos":[49.0,23.5,11.0],"name":"Brick1","pos":[49.0,53.5,11.0],"q":[0.0,1.0,0.0,4.371138828673793e-08],"rlvl":1,"shape":0,"size":[4.0,2.0,2.0],"ttex":"studs","wto":1},{"botex":"inlets","bq":[-0.0,-0.0,-0.0,-1.0],"cl":"BrickObject","clr":"Gray","fr":true,"locked":false,"lpos":[53.0,23.5,11.0],"name":"Brick1","pos":[53.0,53.5,11.0],"q":[0.0,1.0,0.0,4.371138828673793e-08],"rlvl":2,"shape":0,"size":[4.0,2.0,2.0],"ttex":"studs","wto":1},{"botex":"inlets","bq":[-0.0,-0.0,-0.0,-1.0],"cl":"BrickObject","clr":"Gray","fr":true,"locked":false,"lpos":[57.0,23.5,11.0],"name":"Brick1","pos":[57.0,53.5,11.0],"q":[0.0,1.0,0.0,4.371138828673793e-08],"rlvl":2,"shape":0,"size":[4.0,2.0,2.0],"ttex":"studs","wto":1},{"botex":"inlets","bq":[-0.0,-0.0,-0.0,-1.0],"cl":"BrickObject","clr":"Gray","fr":true,"locked":false,"lpos":[61.0,23.5,11.0],"name":"Brick1","pos":[61.0,53.5,11.0],"q":[0.0,1.0,0.0,4.371138828673793e-08],"rlvl":2,"shape":0,"size":[4.0,2.0,2.0],"ttex":"studs","wto":1},{"botex":"inlets","bq":[-0.0,-0.0,-0.0,-1.0],"cl":"BrickObject","clr":"Gray","fr":true,"locked":false,"lpos":[62.0,23.5,14.0],"name":"Brick1","pos":[62.0,53.5,14.0],"q":[0.0,-0.7071064710617065,0.0,-0.7071070075035095],"rlvl":2,"shape":0,"size":[4.0,2.0,2.0],"ttex":"studs","wto":1},{"botex":"inlets","bq":[-0.0,-0.0,-0.0,-1.0],"cl":"BrickObject","clr":"Gray","fr":true,"locked":false,"lpos":[46.0,25.49352264404297,20.0],"name":"Brick1","pos":[46.0,55.49352264404297,20.0],"q":[0.0,-0.7071064710617065,0.0,-0.7071070075035095],"rlvl":3,"shape":0,"size":[4.0,2.0,2.0],"ttex":"studs","wto":1},{"botex":"inlets","bq":[-0.0,-0.0,-0.0,-1.0],"cl":"BrickObject","clr":"Gray","fr":true,"locked":false,"lpos":[46.0,27.480140686035156,20.0],"name":"Brick1","pos":[46.0,57.480140686035156,20.0],"q":[0.0,-0.7071064710617065,0.0,-0.7071070075035095],"rlvl":3,"shape":0,"size":[4.0,2.0,2.0],"ttex":"studs","wto":1},{"botex":"inlets","bq":[-0.0,-0.0,-0.0,-1.0],"cl":"BrickObject","clr":"Gray","fr":true,"locked":false,"lpos":[46.0,25.489852905273438,28.0],"name":"Brick1","pos":[46.0,55.48985290527344,28.0],"q":[0.0,0.7071064710617065,0.0,-0.7071070075035095],"rlvl":1,"shape":0,"size":[4.0,2.0,2.0],"ttex":"studs","wto":1},{"botex":"inlets","bq":[-0.0,-0.0,-0.0,-1.0],"cl":"BrickObject","clr":"Gray","fr":true,"locked":false,"lpos":[46.0,27.47896957397461,28.0],"name":"Brick1","pos":[46.0,57.47896957397461,28.0],"q":[0.0,0.7071064710617065,0.0,-0.7071070075035095],"rlvl":1,"shape":0,"size":[4.0,2.0,2.0],"ttex":"studs","wto":1},{"botex":"inlets","bq":[-0.0,-0.0,-0.0,-1.0],"cl":"BrickObject","clr":"Gray","fr":true,"locked":false,"lpos":[46.0,25.49685287475586,12.0],"name":"Brick1","pos":[46.0,55.49685287475586,12.0],"q":[0.0,0.7071064710617065,0.0,-0.7071070075035095],"rlvl":1,"shape":0,"size":[4.0,2.0,2.0],"ttex":"studs","wto":1},{"botex":"inlets","bq":[-0.0,-0.0,-0.0,-1.0],"cl":"BrickObject","clr":"Gray","fr":true,"locked":false,"lpos":[46.0,27.476093292236328,12.0],"name":"Brick1","pos":[46.0,57.47609329223633,12.0],"q":[0.0,0.7071064710617065,0.0,-0.7071070075035095],"rlvl":1,"shape":0,"size":[4.0,2.0,2.0],"ttex":"studs","wto":1},{"botex":"inlets","bq":[-0.0,-0.0,-0.0,-1.0],"cl":"BrickObject","clr":"Gray","fr":true,"locked":false,"lpos":[49.0,25.490001678466797,11.0],"name":"Brick1","pos":[49.0,55.4900016784668,11.0],"q":[0.0,1.0,0.0,4.371138828673793e-08],"rlvl":2,"shape":0,"size":[4.0,2.0,2.0],"ttex":"studs","wto":1},{"botex":"inlets","bq":[-0.0,-0.0,-0.0,-1.0],"cl":"BrickObject","clr":"Gray","fr":true,"locked":false,"lpos":[49.0,27.47571563720703,11.0],"name":"Brick1","pos":[49.0,57.47571563720703,11.0],"q":[0.0,1.0,0.0,4.371138828673793e-08],"rlvl":2,"shape":0,"size":[4.0,2.0,2.0],"ttex":"studs","wto":1},{"botex":"inlets","bq":[-0.0,-0.0,-0.0,-1.0],"cl":"BrickObject","clr":"Gray","fr":true,"locked":false,"lpos":[57.0,25.48769760131836,11.0],"name":"Brick1","pos":[57.0,55.48769760131836,11.0],"q":[0.0,1.0,0.0,4.371138828673793e-08],"rlvl":2,"shape":0,"size":[4.0,2.0,2.0],"ttex":"studs","wto":1},{"botex":"inlets","bq":[-0.0,-0.0,-0.0,-1.0],"cl":"BrickObject","clr":"Gray","fr":true,"locked":false,"lpos":[57.0,27.481311798095703,11.0],"name":"Brick1","pos":[57.0,57.4813117980957,11.0],"q":[0.0,1.0,0.0,4.371138828673793e-08],"rlvl":2,"shape":0,"size":[4.0,2.0,2.0],"ttex":"studs","wto":1},{"botex":"inlets","bq":[-0.0,-0.0,-0.0,-1.0],"cl":"BrickObject","clr":"Gray","fr":true,"locked":false,"lpos":[61.0,25.496139526367188,11.0],"name":"Brick1","pos":[61.0,55.49613952636719,11.0],"q":[0.0,1.0,0.0,4.371138828673793e-08],"rlvl":2,"shape":0,"size":[4.0,2.0,2.0],"ttex":"studs","wto":1},{"botex":"inlets","bq":[-0.0,-0.0,-0.0,-1.0],"cl":"BrickObject","clr":"Gray","fr":true,"locked":false,"lpos":[61.0,27.473453521728516,11.0],"name":"Brick1","pos":[61.0,57.473453521728516,11.0],"q":[0.0,1.0,0.0,4.371138828673793e-08],"rlvl":2,"shape":0,"size":[4.0,2.0,2.0],"ttex":"studs","wto":1},{"botex":"inlets","bq":[-0.0,-0.0,-0.0,-1.0],"cl":"BrickObject","clr":"Gray","fr":true,"locked":false,"lpos":[62.0,25.49303436279297,14.0],"name":"Brick1","pos":[62.0,55.49303436279297,14.0],"q":[0.0,-0.7071064710617065,0.0,-0.7071070075035095],"rlvl":3,"shape":0,"size":[4.0,2.0,2.0],"ttex":"studs","wto":1},{"botex":"inlets","bq":[-0.0,-0.0,-0.0,-1.0],"cl":"BrickObject","clr":"Gray","fr":true,"locked":false,"lpos":[62.0,27.479930877685547,14.0],"name":"Brick1","pos":[62.0,57.47993087768555,14.0],"q":[0.0,-0.7071064710617065,0.0,-0.7071070075035095],"rlvl":3,"shape":0,"size":[4.0,2.0,2.0],"ttex":"studs","wto":1},{"botex":"inlets","bq":[-0.0,-0.0,-0.0,-1.0],"cl":"BrickObject","clr":"Gray","fr":true,"locked":false,"lpos":[62.0,25.494258880615234,22.0],"name":"Brick1","pos":[62.0,55.494258880615234,22.0],"q":[0.0,0.7071064710617065,0.0,-0.7071070075035095],"rlvl":1,"shape":0,"size":[4.0,2.0,2.0],"ttex":"studs","wto":1},{"botex":"inlets","bq":[-0.0,-0.0,-0.0,-1.0],"cl":"BrickObject","clr":"Gray","fr":true,"locked":false,"lpos":[62.0,27.480998992919922,22.0],"name":"Brick1","pos":[62.0,57.48099899291992,22.0],"q":[0.0,0.7071064710617065,0.0,-0.7071070075035095],"rlvl":1,"shape":0,"size":[4.0,2.0,2.0],"ttex":"studs","wto":1},{"botex":"inlets","bq":[-0.0,-0.0,-0.0,-1.0],"cl":"BrickObject","clr":"Gray","fr":true,"locked":false,"lpos":[62.0,25.496578216552734,26.0],"name":"Brick1","pos":[62.0,55.496578216552734,26.0],"q":[0.0,0.7071064710617065,0.0,-0.7071070075035095],"rlvl":1,"shape":0,"size":[4.0,2.0,2.0],"ttex":"studs","wto":1},{"botex":"inlets","bq":[-0.0,-0.0,-0.0,-1.0],"cl":"BrickObject","clr":"Gray","fr":true,"locked":false,"lpos":[62.0,27.477474212646484,26.0],"name":"Brick1","pos":[62.0,57.477474212646484,26.0],"q":[0.0,0.7071064710617065,0.0,-0.7071070075035095],"rlvl":1,"shape":0,"size":[4.0,2.0,2.0],"ttex":"studs","wto":1},{"botex":"inlets","bq":[-0.0,-0.0,-0.0,-1.0],"cl":"BrickObject","clr":"Gray","fr":true,"locked":false,"lpos":[61.0,25.483009338378906,29.0],"name":"Brick1","pos":[61.0,55.483009338378906,29.0],"q":[0.0,0.0,0.0,-1.0],"shape":0,"size":[4.0,2.0,2.0],"ttex":"studs","wto":1},{"botex":"inlets","bq":[-0.0,-0.0,-0.0,-1.0],"cl":"BrickObject","clr":"Gray","fr":true,"locked":false,"lpos":[61.0,27.478252410888672,29.0],"name":"Brick1","pos":[61.0,57.47825241088867,29.0],"q":[0.0,0.0,0.0,-1.0],"shape":0,"size":[4.0,2.0,2.0],"ttex":"studs","wto":1},{"botex":"inlets","bq":[-0.0,-0.0,-0.0,-1.0],"cl":"BrickObject","clr":"Gray","fr":true,"locked":false,"lpos":[57.0,25.493518829345703,29.0],"name":"Brick1","pos":[57.0,55.4935188293457,29.0],"q":[0.0,0.0,0.0,-1.0],"shape":0,"size":[4.0,2.0,2.0],"ttex":"studs","wto":1},{"botex":"inlets","bq":[-0.0,-0.0,-0.0,-1.0],"cl":"BrickObject","clr":"Gray","fr":true,"locked":false,"lpos":[53.0,25.490966796875,29.0],"name":"Brick1","pos":[53.0,55.490966796875,29.0],"q":[0.0,0.0,0.0,-1.0],"shape":0,"size":[4.0,2.0,2.0],"ttex":"studs","wto":1},{"botex":"inlets","bq":[-0.0,-0.0,-0.0,-1.0],"cl":"BrickObject","clr":"Gray","fr":true,"locked":false,"lpos":[49.0,25.450939178466797,29.0],"name":"Brick1","pos":[49.0,55.4509391784668,29.0],"q":[0.0,0.0,0.0,-1.0],"shape":0,"size":[4.0,2.0,2.0],"ttex":"studs","wto":1},{"botex":"inlets","bq":[-0.0,-0.0,-0.0,-1.0],"cl":"BrickObject","clr":"Gray","fr":true,"locked":false,"lpos":[49.0,27.450939178466797,29.0],"name":"Brick1","pos":[49.0,57.4509391784668,29.0],"q":[0.0,0.0,0.0,-1.0],"shape":0,"size":[4.0,2.0,2.0],"ttex":"studs","wto":1},{"botex":"inlets","bq":[-0.0,-0.0,-0.0,-1.0],"cl":"BrickObject","clr":"Gray","fr":true,"locked":false,"lpos":[53.0,27.476642608642578,29.0],"name":"Brick1","pos":[53.0,57.47664260864258,29.0],"q":[0.0,0.0,0.0,-1.0],"shape":0,"size":[4.0,2.0,2.0],"ttex":"studs","wto":1},{"botex":"inlets","bq":[-0.0,-0.0,-0.0,-1.0],"cl":"BrickObject","clr":"Gray","fr":true,"locked":false,"lpos":[57.0,27.472362518310547,29.0],"name":"Brick1","pos":[57.0,57.47236251831055,29.0],"q":[0.0,0.0,0.0,-1.0],"shape":0,"size":[4.0,2.0,2.0],"ttex":"studs","wto":1},{"botex":"inlets","bq":[-0.0,-0.0,-0.0,-1.0],"cl":"BrickObject","clr":"Gray","fr":true,"locked":false,"lpos":[46.0,29.467662811279297,19.0],"name":"Brick1","pos":[46.0,59.4676628112793,19.0],"q":[0.0,0.7071064710617065,0.0,-0.7071070075035095],"rlvl":1,"shape":0,"size":[18.0,2.0,2.0],"ttex":"studs","wto":1},{"botex":"inlets","bq":[-0.0,-0.0,-0.0,-1.0],"cl":"BrickObject","clr":"Gray","fr":true,"locked":false,"lpos":[55.0,29.463489532470703,11.0],"name":"Brick1","pos":[55.0,59.4634895324707,11.0],"q":[0.0,1.0,0.0,4.371138828673793e-08],"rlvl":1,"shape":0,"size":[16.0,2.0,2.0],"ttex":"studs","wto":1},{"botex":"inlets","bq":[-0.0,-0.0,-0.0,-1.0],"cl":"BrickObject","clr":"Gray","fr":true,"locked":false,"lpos":[53.0,29.450939178466797,29.0],"name":"Brick1","pos":[53.0,59.4509391784668,29.0],"q":[0.0,1.0,0.0,4.371138828673793e-08],"rlvl":2,"shape":0,"size":[16.0,2.0,2.0],"ttex":"studs","wto":1},{"botex":"inlets","bq":[-0.0,-0.0,-0.0,-1.0],"cl":"BrickObject","clr":"Gray","fr":true,"locked":false,"lpos":[62.0,29.47103500366211,21.0],"name":"Brick1","pos":[62.0,59.47103500366211,21.0],"q":[0.0,-0.7071064710617065,0.0,-0.7071070075035095],"rlvl":2,"shape":0,"size":[18.0,2.0,2.0],"ttex":"studs","wto":1},{"botex":"inlets","bq":[-0.0,-0.0,-0.0,-1.0],"cl":"BrickObject","clr":"Gray","fr":true,"locked":false,"lpos":[62.0,31.46286392211914,21.0],"name":"Brick1","pos":[62.0,61.46286392211914,21.0],"q":[0.0,-0.7071064710617065,0.0,-0.7071070075035095],"rlvl":3,"shape":0,"size":[18.0,2.0,2.0],"ttex":"studs","wto":1},{"botex":"inlets","bq":[-0.0,-0.0,-0.0,-1.0],"cl":"BrickObject","clr":"Gray","fr":true,"locked":false,"lpos":[53.0,31.452747344970703,29.0],"name":"Brick1","pos":[53.0,61.4527473449707,29.0],"q":[0.0,1.0,0.0,4.371138828673793e-08],"rlvl":2,"shape":0,"size":[16.0,2.0,2.0],"ttex":"studs","wto":1},{"botex":"inlets","bq":[-0.0,-0.0,-0.0,-1.0],"cl":"BrickObject","clr":"Gray","fr":true,"locked":false,"lpos":[46.0,31.460872650146484,19.0],"name":"Brick1","pos":[46.0,61.460872650146484,19.0],"q":[0.0,0.7071064710617065,0.0,-0.7071070075035095],"rlvl":1,"shape":0,"size":[18.0,2.0,2.0],"ttex":"studs","wto":1},{"botex":"inlets","bq":[-0.0,-0.0,-0.0,-1.0],"cl":"BrickObject","clr":"Gray","fr":true,"locked":false,"lpos":[55.0,31.451004028320313,11.0],"name":"Brick1","pos":[55.0,61.45100402832031,11.0],"q":[0.0,1.0,0.0,4.371138828673793e-08],"rlvl":2,"shape":0,"size":[16.0,2.0,2.0],"ttex":"studs","wto":1},{"botex":"inlets","bq":[-0.0,-0.0,-0.0,-1.0],"cl":"BrickObject","clr":"Gray","fr":true,"locked":false,"lpos":[50.0,23.490772247314453,26.0],"name":"Brick1","pos":[50.0,53.49077224731445,26.0],"q":[0.0,-0.7071064710617065,0.0,-0.7071070075035095],"rlvl":3,"shape":0,"size":[4.0,2.0,2.0],"ttex":"studs","wto":1},{"botex":"inlets","bq":[-0.0,-0.0,-0.0,-1.0],"cl":"BrickObject","clr":"Gray","fr":true,"locked":false,"lpos":[52.0,25.452266693115234,26.0],"name":"Brick1","pos":[52.0,55.452266693115234,26.0],"q":[0.0,-0.7071064710617065,0.0,-0.7071070075035095],"rlvl":3,"shape":0,"size":[4.0,2.0,2.0],"ttex":"studs","wto":1},{"botex":"inlets","bq":[-0.0,-0.0,-0.0,-1.0],"cl":"BrickObject","clr":"Gray","fr":true,"locked":false,"lpos":[54.0,27.399620056152344,26.0],"name":"Brick1","pos":[54.0,57.399620056152344,26.0],"q":[0.0,-0.7071064710617065,0.0,-0.7071070075035095],"rlvl":3,"shape":0,"size":[4.0,2.0,2.0],"ttex":"studs","wto":1},{"botex":"inlets","bq":[-0.0,-0.0,-0.0,-1.0],"cl":"BrickObject","clr":"Gray","fr":true,"locked":false,"lpos":[56.0,29.266353607177734,26.0],"name":"Brick1","pos":[56.0,59.266353607177734,26.0],"q":[0.0,-0.7071064710617065,0.0,-0.7071070075035095],"rlvl":3,"shape":0,"size":[4.0,2.0,2.0],"ttex":"studs","wto":1},{"botex":"inlets","bq":[-0.0,-0.0,-0.0,-1.0],"cl":"BrickObject","clr":"Gray","fr":true,"locked":false,"lpos":[58.0,31.0,26.0],"name":"Brick1","pos":[58.0,61.0,26.0],"q":[0.0,-0.7071064710617065,0.0,-0.7071070075035095],"rlvl":3,"shape":0,"size":[4.0,2.0,2.0],"ttex":"studs","wto":1},{"botex":"inlets","bq":[-0.0,-0.0,-0.0,-1.0],"cl":"BrickObject","clr":"Gray","fr":true,"locked":false,"lpos":[62.0,33.46036148071289,21.0],"name":"Brick1","pos":[62.0,63.46036148071289,21.0],"q":[0.0,-0.7071064710617065,0.0,-0.7071070075035095],"rlvl":3,"shape":0,"size":[18.0,2.0,2.0],"ttex":"studs","wto":1},{"botex":"inlets","bq":[-0.0,-0.0,-0.0,-1.0],"cl":"BrickObject","clr":"Gray","fr":true,"locked":false,"lpos":[55.0,33.440486907958984,11.0],"name":"Brick1","pos":[55.0,63.440486907958984,11.0],"q":[0.0,1.0,0.0,4.371138828673793e-08],"rlvl":2,"shape":0,"size":[16.0,2.0,2.0],"ttex":"studs","wto":1},{"botex":"inlets","bq":[-0.0,-0.0,-0.0,-1.0],"cl":"BrickObject","clr":"Gray","fr":true,"locked":false,"lpos":[46.0,33.45576858520508,19.0],"name":"Brick1","pos":[46.0,63.45576858520508,19.0],"q":[0.0,0.7071064710617065,0.0,-0.7071070075035095],"rlvl":1,"shape":0,"size":[18.0,2.0,2.0],"ttex":"studs","wto":1},{"botex":"inlets","bq":[-0.0,-0.0,-0.0,-1.0],"cl":"BrickObject","clr":"Gray","fr":true,"locked":false,"lpos":[53.0,33.44559097290039,29.0],"name":"Brick1","pos":[53.0,63.44559097290039,29.0],"q":[0.0,1.0,0.0,4.371138828673793e-08],"rlvl":2,"shape":0,"size":[16.0,2.0,2.0],"ttex":"studs","wto":1},{"botex":"inlets","bq":[-0.0,-0.0,-0.0,-1.0],"cl":"BrickObject","clr":"Gray","fr":true,"locked":false,"lpos":[54.0,33.45242691040039,18.0],"name":"Brick1","pos":[54.0,63.45242691040039,18.0],"q":[0.0,-0.7071064710617065,0.0,-0.7071070075035095],"rlvl":3,"shape":0,"size":[12.0,1.0,14.0],"ttex":"studs","wto":1},{"botex":"inlets","bq":[-0.0,-0.0,-0.0,-1.0],"cl":"BrickObject","clr":"Gray","fr":true,"locked":false,"lpos":[60.0,33.0,26.0],"name":"Brick1","pos":[60.0,63.0,26.0],"q":[0.0,-0.7071064710617065,0.0,-0.7071070075035095],"rlvl":3,"shape":0,"size":[4.0,2.0,2.0],"ttex":"studs","wto":1},{"botex":"inlets","bq":[-0.0,-0.0,-0.0,-1.0],"cl":"BrickObject","clr":"Gray","fr":true,"locked":false,"lpos":[46.0,35.40325164794922,19.0],"name":"Brick1","pos":[46.0,65.40325164794922,19.0],"q":[0.0,0.7071064710617065,0.0,-0.7071070075035095],"rlvl":1,"shape":0,"size":[18.0,2.0,2.0],"ttex":"studs","wto":1},{"botex":"inlets","bq":[-0.0,-0.0,-0.0,-1.0],"cl":"BrickObject","clr":"Gray","fr":true,"locked":false,"lpos":[53.0,35.444252014160156,29.0],"name":"Brick1","pos":[53.0,65.44425201416016,29.0],"q":[0.0,1.0,0.0,4.371138828673793e-08],"rlvl":2,"shape":0,"size":[16.0,2.0,2.0],"ttex":"studs","wto":1},{"botex":"inlets","bq":[-0.0,-0.0,-0.0,-1.0],"cl":"BrickObject","clr":"Gray","fr":true,"locked":false,"lpos":[62.0,35.45404052734375,21.0],"name":"Brick1","pos":[62.0,65.45404052734375,21.0],"q":[0.0,-0.7071064710617065,0.0,-0.7071070075035095],"rlvl":3,"shape":0,"size":[18.0,2.0,2.0],"ttex":"studs","wto":1},{"botex":"inlets","bq":[-0.0,-0.0,-0.0,-1.0],"cl":"BrickObject","clr":"Gray","fr":true,"locked":false,"lpos":[55.0,35.42908477783203,11.0],"name":"Brick1","pos":[55.0,65.42908477783203,11.0],"q":[0.0,1.0,0.0,4.371138828673793e-08],"rlvl":2,"shape":0,"size":[16.0,2.0,2.0],"ttex":"studs","wto":1},{"botex":"inlets","bq":[-0.0,-0.0,-0.0,-1.0],"cl":"BrickObject","clr":"Gray","fr":true,"locked":false,"lpos":[62.0,37.45404052734375,28.0],"name":"Brick1","pos":[62.0,67.45404052734375,28.0],"q":[0.0,-0.7071065306663513,0.0,-0.7071069478988647],"rlvl":3,"shape":0,"size":[4.0,2.0,2.0],"ttex":"studs","wto":1},{"botex":"inlets","bq":[-0.0,-0.0,-0.0,-1.0],"cl":"BrickObject","clr":"Gray","fr":true,"locked":false,"lpos":[60.0,37.444252014160156,29.0],"name":"Brick1","pos":[60.0,67.44425201416016,29.0],"q":[0.0,-0.7071065306663513,0.0,-0.7071069478988647],"rlvl":3,"shape":0,"size":[2.0,2.0,2.0],"ttex":"studs","wto":1},{"botex":"inlets","bq":[-0.0,-0.0,-0.0,-1.0],"cl":"BrickObject","clr":"Gray","fr":true,"locked":false,"lpos":[47.0,37.44230651855469,29.0],"name":"Brick1","pos":[47.0,67.44230651855469,29.0],"q":[0.0,0.0,0.0,-1.0],"shape":0,"size":[4.0,2.0,2.0],"ttex":"studs","wto":1},{"botex":"inlets","bq":[-0.0,-0.0,-0.0,-1.0],"cl":"BrickObject","clr":"Gray","fr":true,"locked":false,"lpos":[54.0,37.444252014160156,29.0],"name":"Brick1","pos":[54.0,67.44425201416016,29.0],"q":[0.0,0.0,0.0,-1.0],"shape":0,"size":[4.0,2.0,2.0],"ttex":"studs","wto":1},{"botex":"inlets","bq":[-0.0,-0.0,-0.0,-1.0],"cl":"BrickObject","clr":"Gray","fr":true,"locked":false,"lpos":[46.0,37.35868835449219,27.0],"name":"Brick1","pos":[46.0,67.35868835449219,27.0],"q":[0.0,0.0,0.0,-1.0],"shape":0,"size":[2.0,2.0,2.0],"ttex":"studs","wto":1},{"botex":"inlets","bq":[-0.0,-0.0,-0.0,-1.0],"cl":"BrickObject","clr":"Gray","fr":true,"locked":false,"lpos":[47.0,37.4202880859375,11.0],"name":"Brick1","pos":[47.0,67.4202880859375,11.0],"q":[0.0,0.0,0.0,-1.0],"shape":0,"size":[4.0,2.0,2.0],"ttex":"studs","wto":1},{"botex":"inlets","bq":[-0.0,-0.0,-0.0,-1.0],"cl":"BrickObject","clr":"Gray","fr":true,"locked":false,"lpos":[61.0,37.42790985107422,11.0],"name":"Brick1","pos":[61.0,67.42790985107422,11.0],"q":[0.0,0.0,0.0,-1.0],"shape":0,"size":[4.0,2.0,2.0],"ttex":"studs","wto":1},{"botex":"inlets","bq":[-0.0,-0.0,-0.0,-1.0],"cl":"BrickObject","clr":"Gray","fr":true,"locked":false,"lpos":[62.0,37.451622009277344,13.0],"name":"Brick1","pos":[62.0,67.45162200927734,13.0],"q":[0.0,0.0,0.0,-1.0],"shape":0,"size":[2.0,2.0,2.0],"ttex":"studs","wto":1},{"botex":"inlets","bq":[-0.0,-0.0,-0.0,-1.0],"cl":"BrickObject","clr":"Gray","fr":true,"locked":false,"lpos":[46.0,37.40409851074219,13.0],"name":"Brick1","pos":[46.0,67.40409851074219,13.0],"q":[0.0,0.0,0.0,-1.0],"shape":0,"size":[2.0,2.0,2.0],"ttex":"studs","wto":1},{"botex":"inlets","bq":[-0.0,-0.0,-0.0,-1.0],"cl":"BrickObject","clr":"Gray","fr":true,"locked":false,"lpos":[54.0,37.42908477783203,11.0],"name":"Brick1","pos":[54.0,67.42908477783203,11.0],"q":[0.0,0.0,0.0,-1.0],"shape":0,"size":[4.0,2.0,2.0],"ttex":"studs","wto":1},{"botex":"inlets","bq":[-0.0,-0.0,-0.0,-1.0],"cl":"BrickObject","clr":"Gray","fr":true,"locked":false,"lpos":[62.0,37.45404052734375,20.0],"name":"Brick1","pos":[62.0,67.45404052734375,20.0],"q":[0.0,0.0,0.0,-1.0],"shape":0,"size":[2.0,2.0,4.0],"ttex":"studs","wto":1},{"botex":"inlets","bq":[-0.0,-0.0,-0.0,-1.0],"cl":"BrickObject","clr":"Gray","fr":true,"locked":false,"lpos":[46.0,37.40325164794922,20.0],"name":"Brick1","pos":[46.0,67.40325164794922,20.0],"q":[0.0,0.0,0.0,-1.0],"shape":0,"size":[2.0,2.0,4.0],"ttex":"studs","wto":1},{"botex":"inlets","bq":[-0.0,-0.0,-0.0,-1.0],"cl":"BrickObject","clr":"Caucasian","fr":true,"locked":false,"lpos":[0.0,0.0,0.0],"name":"Brick1","pos":[17.0,35.497947692871094,50.0],"q":[0.0,0.0,0.0,-1.0],"shape":0,"size":[2.0,10.0,2.0],"ttex":"studs","wto":0},{"botex":"inlets","bq":[-0.0,-0.0,-0.0,-1.0],"cl":"BrickObject","clr":"ForestGreen","fr":true,"locked":false,"lpos":[0.0,10.000003814697266,0.0],"name":"Ball","pos":[17.0,45.49795150756836,50.0],"q":[0.0,0.0,0.0,-1.0],"shape":1,"size":[10.0,10.0,10.0],"ttex":"studs","wto":103},{"botex":"inlets","bq":[-0.0,-0.0,-0.0,-1.0],"cl":"BrickObject","clr":"Caucasian","fr":true,"locked":false,"lpos":[0.0,0.0,0.0],"name":"Brick1","pos":[-15.0,35.49794387817383,39.0],"q":[0.0,0.0,0.0,-1.0],"shape":0,"size":[2.0,10.0,2.0],"ttex":"studs","wto":0},{"botex":"inlets","bq":[-0.0,-0.0,-0.0,-1.0],"cl":"BrickObject","clr":"ForestGreen","fr":true,"locked":false,"lpos":[0.0,10.0,0.0],"name":"Ball","pos":[-15.0,45.49794387817383,39.0],"q":[0.0,0.0,0.0,-1.0],"shape":1,"size":[10.0,10.0,10.0],"ttex":"studs","wto":105},{"botex":"inlets","bq":[-0.0,-0.0,-0.0,-1.0],"cl":"BrickObject","clr":"Caucasian","fr":true,"locked":false,"lpos":[0.0,0.0,0.0],"name":"Brick1","pos":[-1.0,35.49794387817383,53.0],"q":[0.0,0.0,0.0,-1.0],"shape":0,"size":[2.0,10.0,2.0],"ttex":"studs","wto":0},{"botex":"inlets","bq":[-0.0,-0.0,-0.0,-1.0],"cl":"BrickObject","clr":"ForestGreen","fr":true,"locked":false,"lpos":[0.0,10.0,0.0],"name":"Ball","pos":[-1.0,45.49794387817383,53.0],"q":[0.0,0.0,0.0,-1.0],"shape":1,"size":[10.0,10.0,10.0],"ttex":"studs","wto":107},{"botex":"inlets","bq":[-0.0,-0.0,-0.0,-1.0],"cl":"BrickObject","clr":"Caucasian","fr":true,"locked":false,"lpos":[0.0,0.0,0.0],"name":"Brick1","pos":[14.0,34.49819564819336,29.0],"q":[0.0,0.0,0.0,-1.0],"shape":0,"size":[2.0,8.0,2.0],"ttex":"studs","wto":0},{"botex":"inlets","bq":[-0.0,-0.0,-0.0,-1.0],"cl":"BrickObject","clr":"Caucasian","fr":true,"locked":false,"lpos":[0.0,0.0,0.0],"name":"Brick1","pos":[-19.0,34.49819564819336,60.0],"q":[0.0,0.0,0.0,-1.0],"shape":0,"size":[2.0,8.0,2.0],"ttex":"studs","wto":0},{"botex":"inlets","bq":[-0.0,-0.0,-0.0,-1.0],"cl":"BrickObject","clr":"Caucasian","fr":true,"locked":false,"lpos":[0.0,0.0,0.0],"name":"Brick1","pos":[10.0,34.49819564819336,71.0],"q":[0.0,0.0,0.0,-1.0],"shape":0,"size":[2.0,8.0,2.0],"ttex":"studs","wto":0},{"botex":"inlets","bq":[-0.0,-0.0,-0.0,-1.0],"cl":"BrickObject","clr":"Caucasian","fr":true,"locked":false,"lpos":[0.0,0.0,0.0],"name":"Brick1","pos":[-39.0,35.49794387817383,63.0],"q":[0.0,0.0,0.0,-1.0],"shape":0,"size":[2.0,10.0,2.0],"ttex":"studs","wto":0},{"botex":"inlets","bq":[-0.0,-0.0,-0.0,-1.0],"cl":"BrickObject","clr":"ForestGreen","fr":true,"locked":false,"lpos":[0.0,10.0,0.0],"name":"Ball","pos":[-39.0,45.49794387817383,63.0],"q":[0.0,0.0,0.0,-1.0],"shape":1,"size":[10.0,10.0,10.0],"ttex":"studs","wto":112},{"botex":"inlets","bq":[-0.0,-0.0,-0.0,-1.0],"cl":"BrickObject","clr":"Gray","fr":true,"locked":false,"lpos":[-28.0,2.5,26.0],"name":"Brick1","pos":[-28.0,32.5,26.0],"q":[0.0,0.7071064710617065,0.0,-0.7071070075035095],"rlvl":1,"shape":0,"size":[14.0,4.0,8.0],"ttex":"studs","wto":1},{"botex":"inlets","bq":[-0.0,-0.0,-0.0,-1.0],"cl":"BrickObject","clr":"Gray","fr":true,"locked":false,"lpos":[-52.0,9.5,30.0],"name":"Brick1","pos":[-52.0,39.5,30.0],"q":[0.0,1.0,0.0,4.371138828673793e-08],"rlvl":2,"shape":0,"size":[14.0,4.0,8.0],"ttex":"studs","wto":1},{"botex":"inlets","bq":[-0.0,-0.0,-0.0,-1.0],"cl":"BrickObject","clr":"Gray","fr":true,"locked":false,"lpos":[-55.0,9.5,19.0],"name":"Brick1","pos":[-55.0,39.5,19.0],"q":[0.0,-0.7071065306663513,0.0,-0.7071069478988647],"rlvl":3,"shape":0,"size":[14.0,4.0,8.0],"ttex":"studs","wto":1},{"botex":"inlets","bq":[-0.0,-0.0,-0.0,-1.0],"cl":"BrickObject","clr":"Gray","fr":true,"locked":false,"lpos":[-55.0,13.5,19.0],"name":"Brick1","pos":[-55.0,43.5,19.0],"q":[0.0,-0.7071065306663513,0.0,-0.7071069478988647],"rlvl":3,"shape":0,"size":[14.0,4.0,8.0],"ttex":"studs","wto":1},{"botex":"inlets","bq":[-0.0,-0.0,-0.0,-1.0],"cl":"BrickObject","clr":"Gray","fr":true,"locked":false,"lpos":[-52.0,13.5,30.0],"name":"Brick1","pos":[-52.0,43.5,30.0],"q":[0.0,1.0,0.0,4.371138828673793e-08],"rlvl":2,"shape":0,"size":[14.0,4.0,8.0],"ttex":"studs","wto":1},{"botex":"inlets","bq":[-0.0,-0.0,-0.0,-1.0],"cl":"BrickObject","clr":"Gray","fr":true,"locked":false,"lpos":[0.0,0.0,0.0],"name":"Brick1","pos":[-46.0,39.5,-12.0],"q":[0.0,0.0,0.0,-1.0],"rlvl":3,"shape":0,"size":[14.0,4.0,8.0],"ttex":"studs","wto":0},{"botex":"inlets","bq":[-0.0,-0.0,-0.0,-1.0],"cl":"BrickObject","clr":"Gray","fr":true,"locked":false,"lpos":[0.0,4.0,0.0],"name":"Brick1","pos":[-46.0,43.5,-12.0],"q":[0.0,0.0,0.0,-1.0],"shape":0,"size":[14.0,4.0,8.0],"ttex":"studs","wto":119},{"botex":"inlets","bq":[-0.0,-0.0,-0.0,-1.0],"cl":"BrickObject","clr":"Gray","fr":true,"locked":false,"lpos":[-4.0,0.0,8.0],"name":"Brick1","pos":[-50.0,39.5,-4.0],"q":[0.0,0.0,0.0,-1.0],"shape":0,"size":[14.0,4.0,8.0],"ttex":"studs","wto":119},{"botex":"inlets","bq":[-0.0,-0.0,-0.0,-1.0],"cl":"BrickObject","clr":"Gray","fr":true,"locked":false,"lpos":[-11.0,0.0,-3.0],"name":"Brick1","pos":[-57.0,39.5,-15.0],"q":[0.0,0.7071064710617065,0.0,-0.7071070075035095],"shape":0,"size":[14.0,4.0,8.0],"ttex":"studs","wto":119},{"botex":"inlets","bq":[-0.0,-0.0,-0.0,-1.0],"cl":"BrickObject","clr":"Gray","fr":true,"locked":false,"lpos":[-72.0,2.5,66.4998779296875],"name":"Brick1","pos":[-72.0,32.5,66.4998779296875],"q":[0.0,1.0,0.0,4.371138828673793e-08],"rlvl":2,"shape":0,"size":[20.0,4.0,49.0],"ttex":"studs","wto":1},{"botex":"inlets","bq":[-0.0,-0.0,-0.0,-1.0],"cl":"BrickObject","clr":"Gray","fr":true,"locked":false,"lpos":[-58.0,2.5,65.0],"name":"Brick1","pos":[-58.0,32.5,65.0],"q":[0.0,-0.7071065306663513,0.0,-0.7071069478988647],"rlvl":3,"shape":0,"size":[14.0,4.0,8.0],"ttex":"studs","wto":1},{"botex":"inlets","bq":[-0.0,-0.0,-0.0,-1.0],"cl":"BrickObject","clr":"Gray","fr":true,"locked":false,"lpos":[-54.0,2.5,81.4998779296875],"name":"Brick1","pos":[-54.0,32.5,81.4998779296875],"q":[0.0,-0.7071065306663513,0.0,-0.7071069478988647],"rlvl":3,"shape":0,"size":[19.0,4.0,16.0],"ttex":"studs","wto":1},{"botex":"inlets","bq":[-0.0,-0.0,-0.0,-1.0],"cl":"BrickObject","clr":"Gray","fr":true,"locked":false,"lpos":[-55.0,6.5,81.4998779296875],"name":"Brick1","pos":[-55.0,36.5,81.4998779296875],"q":[0.0,-0.7071065306663513,0.0,-0.7071069478988647],"rlvl":3,"shape":0,"size":[19.0,4.0,16.0],"ttex":"studs","wto":1},{"botex":"inlets","bq":[-0.0,-0.0,-0.0,-1.0],"cl":"BrickObject","clr":"Gray","fr":true,"locked":false,"lpos":[-71.0,6.5,81.4998779296875],"name":"Brick1","pos":[-71.0,36.5,81.4998779296875],"q":[0.0,-0.7071065306663513,0.0,-0.7071069478988647],"rlvl":3,"shape":0,"size":[19.0,4.0,16.0],"ttex":"studs","wto":1},{"botex":"inlets","bq":[-0.0,-0.0,-0.0,-1.0],"cl":"BrickObject","clr":"Gray","fr":true,"locked":false,"lpos":[-74.0,6.5,62.499881744384766],"name":"Brick1","pos":[-74.0,36.5,62.499881744384766],"q":[0.0,-0.7071065306663513,0.0,-0.7071069478988647],"rlvl":3,"shape":0,"size":[19.0,4.0,16.0],"ttex":"studs","wto":1},{"botex":"inlets","bq":[-0.0,-0.0,-0.0,-1.0],"cl":"BrickObject","clr":"Caucasian","fr":true,"locked":false,"lpos":[-10.0,12.0,-53.500022888183594],"name":"Brick1","pos":[-10.0,42.0,-53.500022888183594],"q":[0.0,0.0,0.0,-1.0],"shape":0,"size":[6.0,1.0,9.0],"ttex":"studs","wto":1},{"botex":"inlets","bq":[-0.0,-0.0,-0.0,-1.0],"cl":"BrickObject","clr":"Caucasian","fr":true,"locked":false,"lpos":[-14.0,13.0,-53.500022888183594],"name":"Brick1","pos":[-14.0,43.0,-53.500022888183594],"q":[0.0,0.0,0.0,-1.0],"shape":0,"size":[4.0,1.0,9.0],"ttex":"studs","wto":1},{"botex":"inlets","bq":[-0.0,-0.0,-0.0,-1.0],"cl":"BrickObject","clr":"Caucasian","fr":true,"locked":false,"lpos":[-17.0,14.0,-53.500022888183594],"name":"Brick1","pos":[-17.0,44.0,-53.500022888183594],"q":[0.0,0.0,0.0,-1.0],"shape":0,"size":[4.0,1.0,9.0],"ttex":"studs","wto":1},{"botex":"inlets","bq":[-0.0,-0.0,-0.0,-1.0],"cl":"BrickObject","clr":"Caucasian","fr":true,"locked":false,"lpos":[-21.0,14.0,-53.500022888183594],"name":"Brick1","pos":[-21.0,44.0,-53.500022888183594],"q":[0.0,0.0,0.0,-1.0],"shape":0,"size":[4.0,1.0,9.0],"ttex":"studs","wto":1},{"botex":"inlets","bq":[-0.0,-0.0,-0.0,-1.0],"cl":"BrickObject","clr":"Caucasian","fr":true,"locked":false,"lpos":[-12.500072479248047,15.0,-57.500022888183594],"name":"Brick1","pos":[-12.500072479248047,45.0,-57.500022888183594],"q":[0.0,0.0,0.0,-1.0],"shape":0,"size":[1.0,3.0,1.0],"ttex":"studs","wto":1},{"botex":"inlets","bq":[-0.0,-0.0,-0.0,-1.0],"cl":"BrickObject","clr":"Caucasian","fr":true,"locked":false,"lpos":[-12.500072479248047,15.0,-49.500022888183594],"name":"Brick1","pos":[-12.500072479248047,45.0,-49.500022888183594],"q":[0.0,0.0,0.0,-1.0],"shape":0,"size":[1.0,3.0,1.0],"ttex":"studs","wto":1},{"botex":"inlets","bq":[-0.0,-0.0,-0.0,-1.0],"cl":"BrickObject","clr":"Caucasian","fr":true,"locked":false,"lpos":[-15.500072479248047,16.0,-57.500022888183594],"name":"Brick1","pos":[-15.500072479248047,46.0,-57.500022888183594],"q":[0.0,0.0,0.0,-1.0],"shape":0,"size":[1.0,3.0,1.0],"ttex":"studs","wto":1},{"botex":"inlets","bq":[-0.0,-0.0,-0.0,-1.0],"cl":"BrickObject","clr":"Caucasian","fr":true,"locked":false,"lpos":[-15.500072479248047,16.0,-49.500022888183594],"name":"Brick1","pos":[-15.500072479248047,46.0,-49.500022888183594],"q":[0.0,0.0,0.0,-1.0],"shape":0,"size":[1.0,3.0,1.0],"ttex":"studs","wto":1},{"botex":"inlets","bq":[-0.0,-0.0,-0.0,-1.0],"cl":"BrickObject","clr":"Caucasian","fr":true,"locked":false,"lpos":[-22.500072479248047,16.0,-57.500022888183594],"name":"Brick1","pos":[-22.500072479248047,46.0,-57.500022888183594],"q":[0.0,0.0,0.0,-1.0],"shape":0,"size":[1.0,3.0,1.0],"ttex":"studs","wto":1},{"botex":"inlets","bq":[-0.0,-0.0,-0.0,-1.0],"cl":"BrickObject","clr":"Caucasian","fr":true,"locked":false,"lpos":[-22.500072479248047,16.0,-49.500022888183594],"name":"Brick1","pos":[-22.500072479248047,46.0,-49.500022888183594],"q":[0.0,0.0,0.0,-1.0],"shape":0,"size":[1.0,3.0,1.0],"ttex":"studs","wto":1},{"botex":"inlets","bq":[-0.0,-0.0,-0.0,-1.0],"cl":"BrickObject","clr":"Caucasian","fr":true,"locked":false,"lpos":[-13.500072479248047,17.0,-49.500022888183594],"name":"Brick1","pos":[-13.500072479248047,47.0,-49.500022888183594],"q":[0.0,0.0,0.0,-1.0],"shape":0,"size":[3.0,1.0,1.0],"ttex":"studs","wto":1},{"botex":"inlets","bq":[-0.0,-0.0,-0.0,-1.0],"cl":"BrickObject","clr":"Caucasian","fr":true,"locked":false,"lpos":[-13.500072479248047,17.0,-57.500022888183594],"name":"Brick1","pos":[-13.500072479248047,47.0,-57.500022888183594],"q":[0.0,0.0,0.0,-1.0],"shape":0,"size":[3.0,1.0,1.0],"ttex":"studs","wto":1},{"botex":"inlets","bq":[-0.0,-0.0,-0.0,-1.0],"cl":"BrickObject","clr":"Caucasian","fr":true,"locked":false,"lpos":[-19.0,18.0,-49.500022888183594],"name":"Brick1","pos":[-19.0,48.0,-49.500022888183594],"q":[0.0,0.0,0.0,-1.0],"shape":0,"size":[8.0,1.0,1.0],"ttex":"studs","wto":1},{"botex":"inlets","bq":[-0.0,-0.0,-0.0,-1.0],"cl":"BrickObject","clr":"Caucasian","fr":true,"locked":false,"lpos":[-19.0,18.0,-57.500022888183594],"name":"Brick1","pos":[-19.0,48.0,-57.500022888183594],"q":[0.0,0.0,0.0,-1.0],"shape":0,"size":[8.0,1.0,1.0],"ttex":"studs","wto":1},{"botex":"inlets","bq":[-0.0,-0.0,-0.0,-1.0],"cl":"BrickObject","clr":"Green","fr":true,"locked":false,"lpos":[0.0,9.0,0.0],"name":"Ball","pos":[-19.0,43.49819564819336,60.0],"q":[0.0,0.0,0.0,-1.0],"shape":1,"size":[10.0,10.0,10.0],"ttex":"studs","wto":110},{"botex":"inlets","bq":[-0.0,-0.0,-0.0,-1.0],"cl":"BrickObject","clr":"Green","fr":true,"locked":false,"lpos":[0.0,9.0,0.0],"name":"Ball","pos":[14.0,43.49819564819336,29.0],"q":[0.0,0.0,0.0,-1.0],"shape":1,"size":[10.0,10.0,10.0],"ttex":"studs","wto":109},{"botex":"inlets","bq":[-0.0,-0.0,-0.0,-1.0],"cl":"BrickObject","clr":"Green","fr":true,"locked":false,"lpos":[0.0,9.0,0.0],"name":"Ball","pos":[10.0,43.49819564819336,71.0],"q":[0.0,0.0,0.0,-1.0],"shape":1,"size":[10.0,10.0,10.0],"ttex":"studs","wto":111},{"botex":"inlets","bq":[-0.0,-0.0,-0.0,-1.0],"cl":"BrickObject","clr":"Caucasian","fr":true,"locked":false,"lpos":[0.0,0.0,0.0],"name":"Brick1","pos":[-43.0,41.49916458129883,9.0],"q":[0.0,0.0,0.0,-1.0],"shape":0,"size":[2.0,8.0,2.0],"ttex":"studs","wto":0},{"botex":"inlets","bq":[-0.0,-0.0,-0.0,-1.0],"cl":"BrickObject","clr":"Green","fr":true,"locked":false,"lpos":[0.0,9.0,0.0],"name":"Ball","pos":[-43.0,50.49916458129883,9.0],"q":[0.0,0.0,0.0,-1.0],"shape":1,"size":[10.0,10.0,10.0],"ttex":"studs","wto":146},{"botex":"inlets","bq":[-0.0,-0.0,-0.0,-1.0],"cl":"BrickObject","clr":"Caucasian","fr":true,"locked":false,"lpos":[0.0,0.0,0.0],"name":"Brick1","pos":[-47.0,48.499298095703125,-43.0],"q":[0.0,0.0,0.0,-1.0],"shape":0,"size":[2.0,8.0,2.0],"ttex":"studs","wto":0},{"botex":"inlets","bq":[-0.0002804184623528272,3.991997346020071e-06,0.00039960324647836387,-0.9999998807907104],"cl":"BrickObject","clr":"Caucasian","fr":true,"locked":false,"lpos":[0.0,0.0,0.0],"name":"Brick1","pos":[-59.0,48.49868392944336,-68.0],"q":[0.0,0.0,0.0,-1.0],"shape":0,"size":[2.0,8.0,2.0],"ttex":"studs","wto":0},{"botex":"inlets","bq":[7.444420043611899e-05,-1.484479071223177e-06,0.000482482195366174,-0.9999998807907104],"cl":"BrickObject","clr":"Caucasian","fr":true,"locked":false,"lpos":[0.0,0.0,0.0],"name":"Brick1","pos":[-62.0,51.0,-51.0],"q":[0.0,0.0,0.0,-1.0],"shape":0,"size":[2.0,13.0,2.0],"ttex":"studs","wto":0},{"botex":"inlets","bq":[-0.0,-0.0,-0.0,-1.0],"cl":"BrickObject","clr":"Green","fr":true,"locked":false,"lpos":[0.0,9.0,0.0],"name":"Ball","pos":[-47.0,57.499298095703125,-43.0],"q":[0.0,0.0,0.0,-1.0],"shape":1,"size":[10.0,10.0,10.0],"ttex":"studs","wto":148},{"botex":"inlets","bq":[7.444420043611899e-05,-1.484479071223177e-06,0.000482482195366174,-0.9999998807907104],"cl":"BrickObject","clr":"Green","fr":true,"locked":false,"lpos":[-0.011063028126955032,11.46469497680664,0.0017069438472390175],"name":"Ball","pos":[-62.0,62.464698791503906,-51.0],"q":[0.0,0.0,0.0,-1.0],"shape":1,"size":[10.0,10.0,10.0],"ttex":"studs","wto":150},{"botex":"inlets","bq":[-0.0002804184623528272,3.991997346020071e-06,0.00039960324647836387,-0.9999998807907104],"cl":"BrickObject","clr":"Green","fr":true,"locked":false,"lpos":[-0.007192874327301979,8.999992370605469,-0.005047500599175692],"name":"Ball","pos":[-59.0,57.498680114746094,-68.0],"q":[0.0,0.0,0.0,-1.0],"shape":1,"size":[10.0,10.0,10.0],"ttex":"studs","wto":149},{"botex":"inlets","bq":[-0.0,-0.0,-0.0,-1.0],"cl":"BrickObject","clr":"Gray","fr":true,"locked":false,"lpos":[-63.0,10.5,82.4998779296875],"name":"Brick1","pos":[-63.0,40.5,82.4998779296875],"q":[0.0,-0.7071065306663513,0.0,-0.7071069478988647],"rlvl":3,"shape":0,"size":[19.0,4.0,16.0],"ttex":"studs","wto":1},{"botex":"inlets","bq":[-0.0,-0.0,-0.0,-1.0],"cl":"BrickObject","clr":"Gray","fr":true,"locked":false,"lpos":[-74.0,10.5,62.49988555908203],"name":"Brick1","pos":[-74.0,40.5,62.49988555908203],"q":[0.0,-0.7071065306663513,0.0,-0.7071069478988647],"rlvl":3,"shape":0,"size":[19.0,4.0,16.0],"ttex":"studs","wto":1},{"botex":"inlets","bq":[-0.0,-0.0,-0.0,-1.0],"cl":"BrickObject","clr":"Gray","fr":true,"locked":false,"lpos":[-75.50003051757813,17.5,63.49988555908203],"name":"Brick1","pos":[-75.50003051757813,47.5,63.49988555908203],"q":[0.0,-0.7071065306663513,0.0,-0.7071069478988647],"rlvl":3,"shape":0,"size":[15.0,10.0,13.0],"ttex":"studs","wto":1},{"botex":"inlets","bq":[-0.0,-0.0,-0.0,-1.0],"cl":"BrickObject","clr":"Gray","fr":true,"locked":false,"lpos":[-63.500030517578125,17.5,84.4998779296875],"name":"Brick1","pos":[-63.500030517578125,47.5,84.4998779296875],"q":[0.0,-0.7071065306663513,0.0,-0.7071069478988647],"rlvl":3,"shape":0,"size":[15.0,10.0,13.0],"ttex":"studs","wto":1},{"botex":"inlets","bq":[-0.0,-0.0,-0.0,-1.0],"cl":"BrickObject","clr":"Gray","fr":true,"locked":false,"lpos":[-66.0,24.5,84.4998779296875],"name":"Brick1","pos":[-66.0,54.5,84.4998779296875],"q":[0.0,-0.7071065306663513,0.0,-0.7071069478988647],"rlvl":3,"shape":0,"size":[11.0,4.0,8.0],"ttex":"studs","wto":1},{"botex":"inlets","bq":[-0.0,-0.0,-0.0,-1.0],"cl":"BrickObject","clr":"Gray","fr":true,"locked":false,"lpos":[-75.50003051757813,24.5,65.0],"name":"Brick1","pos":[-75.50003051757813,54.5,65.0],"q":[0.0,0.0,0.0,-1.0],"shape":0,"size":[11.0,4.0,8.0],"ttex":"studs","wto":1},{"botex":"inlets","bq":[-0.0,-0.0,-0.0,-1.0],"cl":"BrickObject","clr":"Gray","fr":true,"locked":false,"lpos":[-66.0,24.5,73.49988555908203],"name":"Brick1","pos":[-66.0,54.5,73.49988555908203],"q":[0.0,-0.7071065306663513,0.0,-0.7071069478988647],"rlvl":3,"shape":0,"size":[11.0,4.0,8.0],"ttex":"studs","wto":1},{"botex":"inlets","bq":[-0.0,-0.0,-0.0,-1.0],"cl":"BrickObject","clr":"Gray","fr":true,"locked":false,"lpos":[-74.0,24.5,74.49988555908203],"name":"Brick1","pos":[-74.0,54.5,74.49988555908203],"q":[0.0,-0.7071065306663513,0.0,-0.7071069478988647],"rlvl":3,"shape":0,"size":[11.0,4.0,8.0],"ttex":"studs","wto":1},{"botex":"inlets","bq":[-0.0,-0.0,-0.0,-1.0],"cl":"BrickObject","clr":"Gray","fr":true,"locked":false,"lpos":[-68.50003051757813,28.5,74.0],"name":"Brick1","pos":[-68.50003051757813,58.5,74.0],"q":[0.0,0.0,0.0,-1.0],"shape":0,"size":[11.0,4.0,8.0],"ttex":"studs","wto":1},{"botex":"inlets","bq":[-0.0,-0.0,-0.0,-1.0],"cl":"BrickObject","clr":"Gray","fr":true,"locked":false,"lpos":[-55.0,17.5,27.0],"name":"Brick1","pos":[-55.0,47.5,27.0],"q":[0.0,0.7071065306663513,0.0,-0.7071069478988647],"rlvl":1,"shape":0,"size":[14.0,4.0,8.0],"ttex":"studs","wto":1},{"botex":"inlets","bq":[-0.0,-0.0,-0.0,-1.0],"cl":"BrickObject","clr":"LightBrown","fr":true,"locked":false,"lpos":[42.49991989135742,15.0,-51.0],"name":"Brick1","pos":[42.49991989135742,45.0,-51.0],"q":[0.0,0.7071064710617065,0.0,-0.7071070075035095],"rlvl":1,"shape":0,"size":[26.0,1.0,17.0],"ttex":"studs","wto":1},{"botex":"inlets","bq":[-0.0,-0.0,-0.0,-1.0],"cl":"BrickObject","clr":"LightBrown","fr":true,"locked":false,"lpos":[38.0,15.0,-72.50001525878906],"name":"Brick1","pos":[38.0,45.0,-72.50001525878906],"q":[0.0,1.0,0.0,4.371138828673793e-08],"rlvl":2,"shape":0,"size":[26.0,1.0,17.0],"ttex":"studs","wto":1},{"botex":"inlets","bq":[-0.0,-0.0,-0.0,-1.0],"cl":"BrickObject","clr":"Caucasian","fr":true,"locked":false,"lpos":[42.49992370605469,17.0,-38.500022888183594],"name":"Brick1","pos":[42.49992370605469,47.0,-38.500022888183594],"q":[0.0,0.7071064710617065,0.0,-0.7071070075035095],"rlvl":1,"shape":0,"size":[1.0,3.0,17.0],"ttex":"studs","wto":1},{"botex":"inlets","bq":[-0.0,-0.0,-0.0,-1.0],"cl":"BrickObject","clr":"Caucasian","fr":true,"locked":false,"lpos":[50.49991989135742,17.0,-56.0],"name":"Brick1","pos":[50.49991989135742,47.0,-56.0],"q":[0.0,1.0,0.0,4.371138828673793e-08],"rlvl":2,"shape":0,"size":[1.0,3.0,34.0],"ttex":"studs","wto":1},{"botex":"inlets","bq":[-0.0,-0.0,-0.0,-1.0],"cl":"BrickObject","clr":"Caucasian","fr":true,"locked":false,"lpos":[38.0,17.0,-80.50001525878906],"name":"Brick1","pos":[38.0,47.0,-80.50001525878906],"q":[0.0,0.7071064710617065,0.0,-0.7071070075035095],"rlvl":1,"shape":0,"size":[1.0,3.0,26.0],"ttex":"studs","wto":1},{"botex":"inlets","bq":[-0.0,-0.0,-0.0,-1.0],"cl":"BrickObject","clr":"Caucasian","fr":true,"locked":false,"lpos":[50.49992370605469,17.0,-78.50001525878906],"name":"Brick1","pos":[50.49992370605469,47.0,-78.50001525878906],"q":[0.0,0.7071064710617065,0.0,-0.7071070075035095],"rlvl":1,"shape":0,"size":[3.0,3.0,1.0],"ttex":"studs","wto":1},{"botex":"inlets","bq":[-0.0,-0.0,-0.0,-1.0],"cl":"BrickObject","clr":"Caucasian","fr":true,"locked":false,"lpos":[25.499923706054688,17.0,-72.0],"name":"Brick1","pos":[25.499923706054688,47.0,-72.0],"q":[0.0,0.7071064710617065,0.0,-0.7071070075035095],"rlvl":1,"shape":0,"size":[16.0,3.0,1.0],"ttex":"studs","wto":1},{"botex":"inlets","bq":[-0.0,-0.0,-0.0,-1.0],"cl":"BrickObject","clr":"Caucasian","fr":true,"locked":false,"lpos":[30.499923706054688,17.0,-64.50001525878906],"name":"Brick1","pos":[30.499923706054688,47.0,-64.50001525878906],"q":[0.0,1.0,0.0,4.371138828673793e-08],"rlvl":2,"shape":0,"size":[9.0,3.0,1.0],"ttex":"studs","wto":1},{"botex":"inlets","bq":[-0.0,-0.0,-0.0,-1.0],"cl":"BrickObject","clr":"Caucasian","fr":true,"locked":false,"lpos":[34.49991989135742,17.0,-59.50001525878906],"name":"Brick1","pos":[34.49991989135742,47.0,-59.50001525878906],"q":[0.0,-0.7071064710617065,0.0,-0.7071070075035095],"rlvl":3,"shape":0,"size":[9.0,3.0,1.0],"ttex":"studs","wto":1},{"botex":"inlets","bq":[-0.0,-0.0,-0.0,-1.0],"cl":"BrickObject","clr":"Caucasian","fr":true,"locked":false,"lpos":[34.49992370605469,17.0,-45.0],"name":"Brick1","pos":[34.49992370605469,47.0,-45.0],"q":[0.0,-0.7071064710617065,0.0,-0.7071070075035095],"rlvl":3,"shape":0,"size":[12.0,3.0,1.0],"ttex":"studs","wto":1},{"botex":"inlets","bq":[-0.0,-0.0,-0.0,-1.0],"cl":"BrickObject","clr":"Caucasian","fr":true,"locked":false,"lpos":[50.49991989135742,20.0,-70.5000228881836],"name":"Brick1","pos":[50.49991989135742,50.0,-70.5000228881836],"q":[0.0,0.7071064710617065,0.0,-0.7071070075035095],"rlvl":1,"shape":0,"size":[5.0,3.0,1.0],"ttex":"studs","wto":1},{"botex":"inlets","bq":[-0.0,-0.0,-0.0,-1.0],"cl":"BrickObject","clr":"Caucasian","fr":true,"locked":false,"lpos":[50.49991989135742,20.0,-55.500022888183594],"name":"Brick1","pos":[50.49991989135742,50.0,-55.500022888183594],"q":[0.0,0.7071064710617065,0.0,-0.7071070075035095],"rlvl":1,"shape":0,"size":[17.0,3.0,1.0],"ttex":"studs","wto":1},{"botex":"inlets","bq":[-0.0,-0.0,-0.0,-1.0],"cl":"BrickObject","clr":"Caucasian","fr":true,"locked":false,"lpos":[50.49991989135742,20.0,-40.500022888183594],"name":"Brick1","pos":[50.49991989135742,50.0,-40.500022888183594],"q":[0.0,0.7071064710617065,0.0,-0.7071070075035095],"rlvl":1,"shape":0,"size":[5.0,3.0,1.0],"ttex":"studs","wto":1},{"botex":"inlets","bq":[-0.0,-0.0,-0.0,-1.0],"cl":"BrickObject","clr":"Caucasian","fr":true,"locked":false,"lpos":[47.49992370605469,20.0,-38.500022888183594],"name":"Brick1","pos":[47.49992370605469,50.0,-38.500022888183594],"q":[0.0,1.0,0.0,4.371138828673793e-08],"rlvl":2,"shape":0,"size":[5.0,3.0,1.0],"ttex":"studs","wto":1},{"botex":"inlets","bq":[-0.0,-0.0,-0.0,-1.0],"cl":"BrickObject","clr":"Caucasian","fr":true,"locked":false,"lpos":[0.0,0.0,0.0],"name":"Brick1","pos":[37.48921203613281,50.0,-38.492958068847656],"q":[0.0,1.0,0.0,4.371138828673793e-08],"rlvl":2,"shape":0,"size":[7.0,3.0,1.0],"ttex":"studs","wto":0},{"botex":"inlets","bq":[-0.0,-0.0,-0.0,-1.0],"cl":"BrickObject","clr":"Caucasian","fr":true,"locked":false,"lpos":[-2.9988441467285156,0.0,-2.5070419311523438],"name":"Brick1","pos":[34.4903678894043,50.0,-41.0],"q":[0.0,0.7071064710617065,0.0,-0.7071070075035095],"rlvl":1,"shape":0,"size":[4.0,3.0,1.0],"ttex":"studs","wto":178},{"botex":"inlets","bq":[-0.0,-0.0,-0.0,-1.0],"cl":"BrickObject","clr":"Caucasian","fr":true,"locked":false,"lpos":[34.49992370605469,20.0,-49.0],"name":"Brick1","pos":[34.49992370605469,50.0,-49.0],"q":[0.0,0.7071064710617065,0.0,-0.7071070075035095],"rlvl":1,"shape":0,"size":[4.0,3.0,1.0],"ttex":"studs","wto":1},{"botex":"inlets","bq":[-0.0,-0.0,-0.0,-1.0],"cl":"BrickObject","clr":"Caucasian","fr":true,"locked":false,"lpos":[34.49991989135742,20.0,-60.0],"name":"Brick1","pos":[34.49991989135742,50.0,-60.0],"q":[0.0,0.7071064710617065,0.0,-0.7071070075035095],"rlvl":1,"shape":0,"size":[10.0,3.0,1.0],"ttex":"studs","wto":1},{"botex":"inlets","bq":[-0.0,-0.0,-0.0,-1.0],"cl":"BrickObject","clr":"Caucasian","fr":true,"locked":false,"lpos":[29.499923706054688,20.0,-64.50001525878906],"name":"Brick1","pos":[29.499923706054688,50.0,-64.50001525878906],"q":[0.0,1.0,0.0,4.371138828673793e-08],"rlvl":2,"shape":0,"size":[9.0,3.0,1.0],"ttex":"studs","wto":1},{"botex":"inlets","bq":[-0.0,-0.0,-0.0,-1.0],"cl":"BrickObject","clr":"Green","fr":true,"locked":false,"lpos":[68.0,4.0,-49.0],"name":"Brick1","pos":[68.0,34.0,-49.0],"q":[0.0,0.0,0.0,-1.0],"shape":0,"size":[18.0,7.0,62.0],"ttex":"studs","wto":1},{"botex":"inlets","bq":[-0.0,-0.0,-0.0,-1.0],"cl":"BrickObject","clr":"Caucasian","fr":true,"locked":false,"lpos":[89.0,4.5,-38.0],"name":"Brick1","pos":[89.0,34.5,-38.0],"q":[0.0,0.0,0.0,-1.0],"shape":0,"size":[2.0,8.0,2.0],"ttex":"studs","wto":1},{"botex":"inlets","bq":[-0.0,-0.0,-0.0,-1.0],"cl":"BrickObject","clr":"Caucasian","fr":true,"locked":false,"lpos":[93.0,4.5,-59.0],"name":"Brick1","pos":[93.0,34.5,-59.0],"q":[0.0,0.0,0.0,-1.0],"shape":0,"size":[2.0,8.0,2.0],"ttex":"studs","wto":1},{"botex":"inlets","bq":[-0.0,-0.0,-0.0,-1.0],"cl":"BrickObject","clr":"Caucasian","fr":true,"locked":false,"lpos":[68.0,11.5,-73.0],"name":"Brick1","pos":[68.0,41.5,-73.0],"q":[0.0,0.0,0.0,-1.0],"shape":0,"size":[2.0,8.0,2.0],"ttex":"studs","wto":1},{"botex":"inlets","bq":[-0.0,-0.0,-0.0,-1.0],"cl":"BrickObject","clr":"Green","fr":true,"locked":false,"lpos":[93.0,13.5,-59.0],"name":"Ball","pos":[93.0,43.5,-59.0],"q":[0.0,0.0,0.0,-1.0],"shape":1,"size":[10.0,10.0,10.0],"ttex":"studs","wto":1},{"botex":"inlets","bq":[-0.0,-0.0,-0.0,-1.0],"cl":"BrickObject","clr":"Green","fr":true,"locked":false,"lpos":[89.0,13.5,-38.0],"name":"Ball","pos":[89.0,43.5,-38.0],"q":[0.0,0.0,0.0,-1.0],"shape":1,"size":[10.0,10.0,10.0],"ttex":"studs","wto":1},{"botex":"inlets","bq":[-0.0,-0.0,-0.0,-1.0],"cl":"BrickObject","clr":"Caucasian","fr":true,"locked":false,"lpos":[50.49992370605469,20.0,-78.50001525878906],"name":"Brick1","pos":[50.49992370605469,50.0,-78.50001525878906],"q":[0.0,0.7071064710617065,0.0,-0.7071070075035095],"rlvl":1,"shape":0,"size":[3.0,3.0,1.0],"ttex":"studs","wto":1},{"botex":"inlets","bq":[-0.0,-0.0,-0.0,-1.0],"cl":"BrickObject","clr":"Caucasian","fr":true,"locked":false,"lpos":[47.49992370605469,20.0,-80.50001525878906],"name":"Brick1","pos":[47.49992370605469,50.0,-80.50001525878906],"q":[0.0,1.0,0.0,4.371138828673793e-08],"rlvl":2,"shape":0,"size":[7.0,3.0,1.0],"ttex":"studs","wto":1},{"botex":"inlets","bq":[-0.0,-0.0,-0.0,-1.0],"cl":"BrickObject","clr":"Caucasian","fr":true,"locked":false,"lpos":[38.0,20.0,-80.50001525878906],"name":"Brick1","pos":[38.0,50.0,-80.50001525878906],"q":[0.0,1.0,0.0,4.371138828673793e-08],"rlvl":2,"shape":0,"size":[4.0,3.0,1.0],"ttex":"studs","wto":1},{"botex":"inlets","bq":[-0.0,-0.0,-0.0,-1.0],"cl":"BrickObject","clr":"Caucasian","fr":true,"locked":false,"lpos":[28.49992561340332,20.0,-80.50001525878906],"name":"Brick1","pos":[28.49992561340332,50.0,-80.50001525878906],"q":[0.0,1.0,0.0,4.371138828673793e-08],"rlvl":2,"shape":0,"size":[7.0,3.0,1.0],"ttex":"studs","wto":1},{"botex":"inlets","bq":[-0.0,-0.0,-0.0,-1.0],"cl":"BrickObject","clr":"Caucasian","fr":true,"locked":false,"lpos":[25.49991798400879,20.0,-77.5],"name":"Brick1","pos":[25.49991798400879,50.0,-77.5],"q":[0.0,-0.7071067094802856,0.0,-0.7071067690849304],"rlvl":3,"shape":0,"size":[5.0,3.0,1.0],"ttex":"studs","wto":170},{"botex":"inlets","bq":[-0.0,-0.0,-0.0,-1.0],"cl":"BrickObject","clr":"Caucasian","fr":true,"locked":false,"lpos":[25.499923706054688,20.0,-68.0],"name":"Brick1","pos":[25.499923706054688,50.0,-68.0],"q":[0.0,-0.7071064710617065,0.0,-0.7071070075035095],"rlvl":3,"shape":0,"size":[6.0,3.0,1.0],"ttex":"studs","wto":1},{"botex":"inlets","bq":[-0.0,-0.0,-0.0,-1.0],"cl":"BrickObject","clr":"Caucasian","fr":true,"locked":false,"name":"Brick1","pos":[50.49991989135742,53.0,-59.500022888183594],"rlvl":2,"shape":0,"size":[1.0,3.0,41.0],"ttex":"studs","wto":0},{"botex":"inlets","bq":[-0.0,-0.0,-0.0,-1.0],"cl":"BrickObject","clr":"Caucasian","fr":true,"locked":false,"lpos":[5.000068664550781,3.0,-7.62939453125e-06],"name":"Brick1","pos":[42.489280700683594,53.0,-38.49296569824219],"q":[0.0,0.7071064710617065,0.0,-0.7071070075035095],"rlvl":1,"shape":0,"size":[1.0,3.0,17.0],"ttex":"studs","wto":178},{"botex":"inlets","bq":[-0.0,-0.0,-0.0,-1.0],"cl":"BrickObject","clr":"Caucasian","fr":true,"locked":false,"lpos":[34.49992370605469,23.0,-51.5],"name":"Brick1","pos":[34.49992370605469,53.0,-51.5],"q":[0.0,-0.7071067094802856,0.0,-0.7071067690849304],"rlvl":3,"shape":0,"size":[25.0,3.0,1.0],"ttex":"studs","wto":181},{"botex":"inlets","bq":[-0.0,-0.0,-0.0,-1.0],"cl":"BrickObject","clr":"Caucasian","fr":true,"locked":false,"name":"Brick1","pos":[30.499923706054688,53.0,-64.50001525878906],"rlvl":2,"shape":0,"size":[9.0,3.0,1.0],"ttex":"studs","wto":0},{"botex":"inlets","bq":[-0.0,-0.0,-0.0,-1.0],"cl":"BrickObject","clr":"Caucasian","fr":true,"locked":false,"lpos":[25.499921798706055,23.0,-72.0],"name":"Brick1","pos":[25.499921798706055,53.0,-72.0],"q":[0.0,-0.7071067094802856,0.0,-0.7071067690849304],"rlvl":3,"shape":0,"size":[16.0,3.0,1.0],"ttex":"studs","wto":270},{"botex":"inlets","bq":[-0.0,-0.0,-0.0,-1.0],"cl":"BrickObject","clr":"Black","fr":true,"locked":false,"lpos":[48.0,9.5,0.0],"name":"Brick1","pos":[48.0,39.5,0.0],"q":[0.0,0.0,0.0,-1.0],"shape":0,"size":[4.0,18.0,4.0],"ttex":"studs","wto":1},{"botex":"inlets","bq":[-0.0,-0.0,-0.0,-1.0],"cl":"BrickObject","clr":"Black","fr":true,"locked":false,"lpos":[53.0,9.5,-5.0],"name":"Brick1","pos":[53.0,39.5,-5.0],"q":[0.0,0.0,0.0,-1.0],"shape":0,"size":[4.0,18.0,4.0],"ttex":"studs","wto":1},{"botex":"inlets","bq":[-0.0,-0.0,-0.0,-1.0],"cl":"BrickObject","clr":"Black","fr":true,"locked":false,"name":"Brick1","pos":[50.0,39.49995422363281,-12.0],"shape":0,"size":[4.0,18.0,4.0],"ttex":"studs","wto":0},{"botex":"inlets","bq":[-0.0,-0.0,-0.0,-1.0],"cl":"BrickObject","clr":"Black","fr":true,"locked":false,"lpos":[48.0,9.5,-20.0],"name":"Brick1","pos":[48.0,39.5,-20.0],"q":[0.0,0.0,0.0,-1.0],"shape":0,"size":[4.0,18.0,4.0],"ttex":"studs","wto":1},{"botex":"inlets","bq":[-0.0,-0.0,-0.0,-1.0],"cl":"BrickObject","clr":"Brown","fr":true,"locked":false,"name":"Brick1","pos":[38.0,55.0,-81.0],"rlvl":2,"shape":0,"size":[26.0,1.0,2.0],"ttex":"studs","wto":0},{"botex":"inlets","bq":[-0.0,-0.0,-0.0,-1.0],"cl":"BrickObject","clr":"Brown","fr":true,"locked":false,"name":"Brick1","pos":[38.0,55.0,-64.0],"rlvl":2,"shape":0,"size":[26.0,1.0,2.0],"ttex":"studs","wto":0},{"botex":"inlets","bq":[-0.0,-0.0,-0.0,-1.0],"cl":"BrickObject","clr":"Brown","fr":true,"locked":false,"lpos":[0.0,0.0,0.0],"name":"Brick1","pos":[38.0,55.0,-79.0],"q":[0.0,1.0,0.0,4.371138828673793e-08],"rlvl":2,"shape":0,"size":[26.0,1.0,2.0],"ttex":"studs","wto":0},{"botex":"inlets","bq":[-0.0,-0.0,-0.0,-1.0],"cl":"BrickObject","clr":"Brown","fr":true,"locked":false,"lpos":[0.0,1.0,0.0],"name":"Brick1","pos":[38.0,56.0,-79.0],"q":[0.0,1.0,0.0,4.371138828673793e-08],"rlvl":2,"shape":0,"size":[26.0,1.0,2.0],"ttex":"studs","wto":206},{"botex":"inlets","bq":[-0.0,-0.0,-0.0,-1.0],"cl":"BrickObject","clr":"Brown","fr":true,"locked":false,"lpos":[0.0,0.0,13.0],"name":"Brick1","pos":[38.0,55.0,-66.0],"q":[0.0,1.0,0.0,4.371138828673793e-08],"rlvl":2,"shape":0,"size":[26.0,1.0,2.0],"ttex":"studs","wto":238},{"botex":"inlets","bq":[-0.0,-0.0,-0.0,-1.0],"cl":"BrickObject","clr":"Brown","fr":true,"locked":false,"lpos":[0.0,1.0,13.0],"name":"Brick1","pos":[38.0,56.0,-66.0],"q":[0.0,1.0,0.0,4.371138828673793e-08],"rlvl":2,"shape":0,"size":[26.0,1.0,2.0],"ttex":"studs","wto":238},{"botex":"inlets","bq":[-0.0,-0.0,-0.0,-1.0],"cl":"BrickObject","clr":"Brown","fr":true,"locked":false,"lpos":[13.0,0.0,28.499977111816406],"name":"Brick1","pos":[51.0,55.0,-50.500022888183594],"q":[0.0,-0.7071064710617065,0.0,-0.7071070075035095],"rlvl":3,"shape":0,"size":[25.0,1.0,2.0],"ttex":"studs","wto":238},{"botex":"inlets","bq":[-0.0,-0.0,-0.0,-1.0],"cl":"BrickObject","clr":"Brown","fr":true,"locked":false,"lpos":[11.0,0.0,28.499977111816406],"name":"Brick1","pos":[49.0,55.0,-50.500022888183594],"q":[0.0,-0.7071064710617065,0.0,-0.7071070075035095],"rlvl":3,"shape":0,"size":[25.0,1.0,2.0],"ttex":"studs","wto":210},{"botex":"inlets","bq":[-0.0,-0.0,-0.0,-1.0],"cl":"BrickObject","clr":"Brown","fr":true,"locked":false,"lpos":[11.0,1.0,27.499984741210938],"name":"Brick1","pos":[49.0,56.0,-51.50001525878906],"q":[0.0,-0.7071064710617065,0.0,-0.7071070075035095],"rlvl":3,"shape":0,"size":[27.0,1.0,2.0],"ttex":"studs","wto":210},{"botex":"inlets","bq":[-0.0,-0.0,-0.0,-1.0],"cl":"BrickObject","clr":"Brown","fr":true,"locked":false,"lpos":[-3.4892120361328125,5.0,-12.00003433227539],"name":"Brick1","pos":[34.0,55.0,-50.49299240112305],"q":[0.0,-0.7071064710617065,0.0,-0.7071070075035095],"rlvl":3,"shape":0,"size":[25.0,1.0,2.0],"ttex":"studs","wto":196},{"botex":"inlets","bq":[-0.0,-0.0,-0.0,-1.0],"cl":"BrickObject","clr":"Brown","fr":true,"locked":false,"lpos":[-2.0,0.0,28.499984741210938],"name":"Brick1","pos":[36.0,55.0,-50.50001525878906],"q":[0.0,-0.7071064710617065,0.0,-0.7071070075035095],"rlvl":3,"shape":0,"size":[25.0,1.0,2.0],"ttex":"studs","wto":215},{"botex":"inlets","bq":[-0.0,-0.0,-0.0,-1.0],"cl":"BrickObject","clr":"Brown","fr":true,"locked":false,"lpos":[-2.0,1.0,27.499988555908203],"name":"Brick1","pos":[36.0,56.0,-51.5000114440918],"q":[0.0,-0.7071064710617065,0.0,-0.7071070075035095],"rlvl":3,"shape":0,"size":[27.0,1.0,2.0],"ttex":"studs","wto":209},{"botex":"inlets","bq":[-0.0,-0.0,-0.0,-1.0],"cl":"BrickObject","clr":"Brown","fr":true,"locked":false,"name":"Brick1","pos":[42.488922119140625,55.0,-39.0],"rlvl":2,"shape":0,"size":[11.0,1.0,2.0],"ttex":"studs","wto":0},{"botex":"inlets","bq":[-0.0,-0.0,-0.0,-1.0],"cl":"BrickObject","clr":"Brown","fr":true,"locked":false,"lpos":[12.0,0.0,6.499969482421875],"name":"Brick1","pos":[50.0,55.0,-72.50003051757813],"q":[0.0,-0.7071064710617065,0.0,-0.7071070075035095],"rlvl":3,"shape":0,"size":[11.0,1.0,2.0],"ttex":"studs","wto":206},{"botex":"inlets","bq":[-0.0,-0.0,-0.0,-1.0],"cl":"BrickObject","clr":"Brown","fr":true,"locked":false,"lpos":[25.999921798706055,25.0,-72.5],"name":"Brick1","pos":[25.999921798706055,55.0,-72.5],"q":[0.0,-0.7071067094802856,0.0,-0.7071067690849304],"rlvl":3,"shape":0,"size":[11.0,1.0,2.0],"ttex":"studs","wto":199},{"botex":"inlets","bq":[-0.0,-0.0,-0.0,-1.0],"cl":"BrickObject","clr":"Brown","fr":true,"locked":false,"lpos":[-12.0,1.0,6.4999847412109375],"name":"Brick1","pos":[26.0,56.0,-72.50001525878906],"q":[0.0,-0.7071064710617065,0.0,-0.7071070075035095],"rlvl":3,"shape":0,"size":[11.0,1.0,2.0],"ttex":"studs","wto":206},{"botex":"inlets","bq":[-0.0,-0.0,-0.0,-1.0],"cl":"BrickObject","clr":"Brown","fr":true,"locked":false,"lpos":[12.0,1.0,6.499969482421875],"name":"Brick1","pos":[50.0,56.0,-72.50003051757813],"q":[0.0,-0.7071064710617065,0.0,-0.7071070075035095],"rlvl":3,"shape":0,"size":[11.0,1.0,2.0],"ttex":"studs","wto":206},{"botex":"inlets","bq":[-0.0,-0.0,-0.0,-1.0],"cl":"BrickObject","clr":"Brown","fr":true,"locked":false,"lpos":[0.0,0.0,0.0],"name":"Brick1","pos":[42.48894119262695,56.0,-39.0],"q":[0.0,1.0,0.0,4.371138828673793e-08],"rlvl":2,"shape":0,"size":[11.0,1.0,2.0],"ttex":"studs","wto":0},{"botex":"inlets","bq":[-0.0,-0.0,-0.0,-1.0],"cl":"BrickObject","clr":"Brown","fr":true,"locked":false,"lpos":[-0.00092315673828125,1.0,0.0],"name":"Brick1","pos":[42.48801803588867,57.0,-39.0],"q":[0.0,1.0,0.0,4.371138828673793e-08],"rlvl":2,"shape":0,"size":[7.0,1.0,2.0],"ttex":"studs","wto":221},{"botex":"inlets","bq":[-0.0,-0.0,-0.0,-1.0],"cl":"BrickObject","clr":"Brown","fr":true,"locked":false,"lpos":[12.0,2.0,6.499969482421875],"name":"Brick1","pos":[50.0,57.0,-72.50003051757813],"q":[0.0,-0.7071064710617065,0.0,-0.7071070075035095],"rlvl":3,"shape":0,"size":[7.0,1.0,2.0],"ttex":"studs","wto":220},{"botex":"inlets","bq":[-0.0,-0.0,-0.0,-1.0],"cl":"BrickObject","clr":"Brown","fr":true,"locked":false,"lpos":[-12.0,2.0,6.4999847412109375],"name":"Brick1","pos":[26.0,57.0,-72.50001525878906],"q":[0.0,-0.7071064710617065,0.0,-0.7071070075035095],"rlvl":3,"shape":0,"size":[7.0,1.0,2.0],"ttex":"studs","wto":219},{"botex":"inlets","bq":[-0.0,-0.0,-0.0,-1.0],"cl":"BrickObject","clr":"Brown","fr":true,"locked":false,"lpos":[-12.0,3.0,6.4999847412109375],"name":"Brick1","pos":[26.0,58.0,-72.50001525878906],"q":[0.0,-0.7071064710617065,0.0,-0.7071070075035095],"rlvl":3,"shape":0,"size":[3.0,1.0,2.0],"ttex":"studs","wto":224},{"botex":"inlets","bq":[-0.0,-0.0,-0.0,-1.0],"cl":"BrickObject","clr":"Brown","fr":true,"locked":false,"lpos":[12.0,3.0,6.499969482421875],"name":"Brick1","pos":[50.0,58.0,-72.50003051757813],"q":[0.0,-0.7071064710617065,0.0,-0.7071070075035095],"rlvl":3,"shape":0,"size":[3.0,1.0,2.0],"ttex":"studs","wto":223},{"botex":"inlets","bq":[-0.0,-0.0,-0.0,-1.0],"cl":"BrickObject","clr":"Brown","fr":true,"locked":false,"lpos":[-0.00092315673828125,2.0,0.0],"name":"Brick1","pos":[42.48801803588867,58.0,-39.0],"q":[0.0,0.0,0.0,-1.0],"shape":0,"size":[3.0,1.0,2.0],"ttex":"studs","wto":222},{"botex":"inlets","bq":[-0.0,-0.0,-0.0,-1.0],"cl":"BrickObject","clr":"Brown","fr":true,"locked":false,"name":"Brick1","pos":[38.0,57.0,-77.0],"rlvl":2,"shape":0,"size":[26.0,1.0,2.0],"ttex":"studs","wto":0},{"botex":"inlets","bq":[-0.0,-0.0,-0.0,-1.0],"cl":"BrickObject","clr":"Brown","fr":true,"locked":false,"lpos":[0.0,3.0,4.0],"name":"Brick1","pos":[38.0,58.0,-75.0],"q":[0.0,1.0,0.0,4.371138828673793e-08],"rlvl":2,"shape":0,"size":[26.0,1.0,2.0],"ttex":"studs","wto":223},{"botex":"inlets","bq":[-0.0,-0.0,-0.0,-1.0],"cl":"BrickObject","clr":"Brown","fr":true,"locked":false,"lpos":[0.0,2.0,11.0],"name":"Brick1","pos":[38.0,57.0,-68.0],"q":[0.0,1.0,0.0,4.371138828673793e-08],"rlvl":2,"shape":0,"size":[26.0,1.0,2.0],"ttex":"studs","wto":220},{"botex":"inlets","bq":[-0.0,-0.0,-0.0,-1.0],"cl":"BrickObject","clr":"Brown","fr":true,"locked":false,"lpos":[0.0,3.0,9.0],"name":"Brick1","pos":[38.0,58.0,-70.0],"q":[0.0,1.0,0.0,4.371138828673793e-08],"rlvl":2,"shape":0,"size":[26.0,1.0,2.0],"ttex":"studs","wto":223},{"botex":"inlets","bq":[-0.0,-0.0,-0.0,-1.0],"cl":"BrickObject","clr":"Brown","fr":true,"locked":false,"lpos":[0.0,4.0,6.4999847412109375],"name":"Brick1","pos":[38.0,59.0,-72.50001525878906],"q":[0.0,-0.7071064710617065,0.0,-0.7071070075035095],"rlvl":3,"shape":0,"size":[3.0,1.0,26.0],"ttex":"studs","wto":226},{"botex":"inlets","bq":[-0.0,-0.0,-0.0,-1.0],"cl":"BrickObject","clr":"Brown","fr":true,"locked":false,"lpos":[9.0,2.0,26.499980926513672],"name":"Brick1","pos":[47.0,57.0,-52.50001907348633],"q":[0.0,-0.7071064710617065,0.0,-0.7071070075035095],"rlvl":3,"shape":0,"size":[29.0,1.0,2.0],"ttex":"studs","wto":209},{"botex":"inlets","bq":[-0.0,-0.0,-0.0,-1.0],"cl":"BrickObject","clr":"Brown","fr":true,"locked":false,"lpos":[-4.488941192626953,1.0,-13.492816925048828],"name":"Brick1","pos":[38.0,57.0,-52.49281692504883],"q":[0.0,-0.7071064710617065,0.0,-0.7071070075035095],"rlvl":3,"shape":0,"size":[29.0,1.0,2.0],"ttex":"studs","wto":221},{"botex":"inlets","bq":[-0.0,-0.0,-0.0,-1.0],"cl":"BrickObject","clr":"Brown","fr":true,"locked":false,"lpos":[-2.488941192626953,2.0,-14.492279052734375],"name":"Brick1","pos":[40.0,58.0,-53.492279052734375],"q":[0.0,-0.7071064710617065,0.0,-0.7071070075035095],"rlvl":3,"shape":0,"size":[31.0,1.0,2.0],"ttex":"studs","wto":234},{"botex":"inlets","bq":[-0.0,-0.0,-0.0,-1.0],"cl":"BrickObject","clr":"Brown","fr":true,"locked":false,"lpos":[2.511058807373047,2.0,-14.492256164550781],"name":"Brick1","pos":[45.0,58.0,-53.49225616455078],"q":[0.0,-0.7071064710617065,0.0,-0.7071070075035095],"rlvl":3,"shape":0,"size":[31.0,1.0,2.0],"ttex":"studs","wto":222},{"botex":"inlets","bq":[-0.0,-0.0,-0.0,-1.0],"cl":"BrickObject","clr":"Brown","fr":true,"locked":false,"lpos":[-0.000926971435546875,3.0,-15.492279052734375],"name":"Brick1","pos":[42.488014221191406,59.0,-54.492279052734375],"q":[0.0,0.0,0.0,-1.0],"shape":0,"size":[3.0,1.0,33.0],"ttex":"studs","wto":235},{"botex":"inlets","bq":[-0.0,-0.0,-0.0,-1.0],"cl":"BrickObject","clr":"Brown","fr":true,"locked":false,"lpos":[13.499916076660156,0.0,6.499969482421875],"name":"Brick1","pos":[51.499916076660156,55.0,-72.50003051757813],"q":[0.0,-0.7071065306663513,0.0,-0.7071069478988647],"rlvl":3,"shape":0,"size":[19.0,1.0,1.0],"ttex":"studs","wto":206},{"botex":"inlets","bq":[-0.0,-0.0,-0.0,-1.0],"cl":"BrickObject","clr":"Yellow","fr":true,"locked":false,"lpos":[31.499919891357422,15.5,-49.50001907348633],"name":"Brick1","pos":[31.499919891357422,45.5,-49.50001907348633],"q":[0.0,0.7071064710617065,0.0,-0.7071070075035095],"rlvl":1,"shape":0,"size":[1.0,2.0,1.0],"ttex":"studs","wto":1},{"botex":"inlets","bq":[-0.0,-0.0,-0.0,-1.0],"cl":"BrickObject","clr":"LightBlue","fr":true,"locked":false,"lpos":[30.499919891357422,15.5,-48.50001907348633],"name":"Brick1","pos":[30.499919891357422,45.5,-48.50001907348633],"q":[0.0,0.7071064710617065,0.0,-0.7071070075035095],"rlvl":1,"shape":0,"size":[1.0,2.0,1.0],"ttex":"studs","wto":1},{"botex":"inlets","bq":[-0.0,-0.0,-0.0,-1.0],"cl":"BrickObject","clr":"Pink","fr":true,"locked":false,"name":"Brick1","pos":[32.49991989135742,45.5,-47.50001907348633],"rlvl":1,"shape":0,"size":[1.0,2.0,1.0],"ttex":"studs","wto":0},{"botex":"inlets","bq":[-0.0,-0.0,-0.0,-1.0],"cl":"BrickObject","clr":"Purple","fr":true,"locked":false,"lpos":[31.499919891357422,15.5,-46.50001907348633],"name":"Brick1","pos":[31.499919891357422,45.5,-46.50001907348633],"q":[0.0,0.7071064710617065,0.0,-0.7071070075035095],"rlvl":1,"shape":0,"size":[1.0,2.0,1.0],"ttex":"studs","wto":1},{"botex":"inlets","bq":[-0.0,-0.0,-0.0,-1.0],"cl":"BrickObject","clr":"Pink","fr":true,"locked":false,"lpos":[32.49991989135742,15.5,-56.50001907348633],"name":"Brick1","pos":[32.49991989135742,45.5,-56.50001907348633],"q":[0.0,0.7071064710617065,0.0,-0.7071070075035095],"rlvl":1,"shape":0,"size":[1.0,2.0,1.0],"ttex":"studs","wto":1},{"botex":"inlets","bq":[-0.0,-0.0,-0.0,-1.0],"cl":"BrickObject","clr":"Yellow","fr":true,"locked":false,"lpos":[31.499921798706055,15.5,-57.50001907348633],"name":"Brick1","pos":[31.499921798706055,45.5,-57.50001907348633],"q":[0.0,0.7071064710617065,0.0,-0.7071070075035095],"rlvl":1,"shape":0,"size":[1.0,2.0,1.0],"ttex":"studs","wto":1},{"botex":"inlets","bq":[-0.0,-0.0,-0.0,-1.0],"cl":"BrickObject","clr":"Purple","fr":true,"locked":false,"lpos":[31.499921798706055,15.5,-59.50001907348633],"name":"Brick1","pos":[31.499921798706055,45.5,-59.50001907348633],"q":[0.0,0.7071064710617065,0.0,-0.7071070075035095],"rlvl":1,"shape":0,"size":[1.0,2.0,1.0],"ttex":"studs","wto":1},{"botex":"inlets","bq":[-0.0,-0.0,-0.0,-1.0],"cl":"BrickObject","clr":"LightBlue","fr":true,"locked":false,"lpos":[32.49992370605469,15.5,-62.50001907348633],"name":"Brick1","pos":[32.49992370605469,45.5,-62.50001907348633],"q":[0.0,0.7071064710617065,0.0,-0.7071070075035095],"rlvl":1,"shape":0,"size":[1.0,2.0,1.0],"ttex":"studs","wto":1},{"botex":"inlets","bq":[-0.0,-0.0,-0.0,-1.0],"cl":"BrickObject","clr":"Purple","fr":true,"locked":false,"lpos":[30.499921798706055,15.5,-61.50001907348633],"name":"Brick1","pos":[30.499921798706055,45.5,-61.50001907348633],"q":[0.0,0.7071064710617065,0.0,-0.7071070075035095],"rlvl":1,"shape":0,"size":[1.0,2.0,1.0],"ttex":"studs","wto":1},{"botex":"inlets","bq":[-0.0,-0.0,-0.0,-1.0],"cl":"BrickObject","clr":"Yellow","fr":true,"locked":false,"lpos":[28.499921798706055,15.5,-62.50001907348633],"name":"Brick1","pos":[28.499921798706055,45.5,-62.50001907348633],"q":[0.0,0.7071064710617065,0.0,-0.7071070075035095],"rlvl":1,"shape":0,"size":[1.0,2.0,1.0],"ttex":"studs","wto":1},{"botex":"inlets","bq":[-0.0,-0.0,-0.0,-1.0],"cl":"BrickObject","clr":"Gray","fr":true,"locked":false,"lpos":[22.499919891357422,15.0,-53.0],"name":"Brick1","pos":[22.499919891357422,45.0,-53.0],"q":[0.0,0.7071064710617065,0.0,-0.7071070075035095],"rlvl":1,"shape":0,"size":[4.0,1.0,23.0],"ttex":"studs","wto":1},{"botex":"inlets","bq":[-0.0,-0.0,-0.0,-1.0],"cl":"BrickObject","clr":"Brown","fr":true,"locked":false,"lpos":[29.499923706054688,16.0,-66.50001525878906],"name":"Brick1","pos":[29.499923706054688,46.0,-66.50001525878906],"q":[0.0,0.7071064710617065,0.0,-0.7071070075035095],"rlvl":1,"shape":0,"size":[3.0,1.0,1.0],"ttex":"studs","wto":1},{"botex":"inlets","bq":[-0.0,-0.0,-0.0,-1.0],"cl":"BrickObject","clr":"Brown","fr":true,"locked":false,"lpos":[33.49992370605469,16.0,-66.50001525878906],"name":"Brick1","pos":[33.49992370605469,46.0,-66.50001525878906],"q":[0.0,0.7071064710617065,0.0,-0.7071070075035095],"rlvl":1,"shape":0,"size":[3.0,1.0,1.0],"ttex":"studs","wto":1},{"botex":"inlets","bq":[-0.0,-0.0,-0.0,-1.0],"cl":"BrickObject","clr":"Brown","fr":true,"locked":false,"lpos":[31.499923706054688,17.0,-66.50001525878906],"name":"Brick1","pos":[31.499923706054688,47.0,-66.50001525878906],"q":[0.0,0.7071067094802856,0.0,-0.7071067690849304],"rlvl":1,"shape":0,"size":[3.0,1.0,5.0],"ttex":"studs","wto":250},{"botex":"inlets","bq":[-0.0,-0.0,-0.0,-1.0],"cl":"BrickObject","clr":"Gray","fr":true,"locked":false,"lpos":[0.0,0.0,0.0],"name":"Brick1","pos":[31.499923706054688,48.0,-66.0],"q":[0.0,0.7071064710617065,0.0,-0.7071070075035095],"rlvl":1,"shape":0,"size":[2.0,1.0,5.0],"ttex":"studs","wto":0},{"botex":"inlets","bq":[-0.0,-0.0,-0.0,-1.0],"cl":"BrickObject","clr":"Gray","fr":true,"locked":false,"lpos":[0.0,2.0,0.4999847412109375],"name":"Brick1","pos":[31.499923706054688,50.0,-65.50001525878906],"q":[0.0,0.7071064710617065,0.0,-0.7071070075035095],"rlvl":1,"shape":0,"size":[1.0,3.0,5.0],"ttex":"studs","wto":253},{"botex":"inlets","bq":[-0.0,-0.0,-0.0,-1.0],"cl":"BrickObject","clr":"Gray","fr":true,"locked":false,"lpos":[-2.0,1.5,-0.5000152587890625],"name":"Brick1","pos":[29.499923706054688,49.5,-66.50001525878906],"q":[0.0,0.7071064710617065,0.0,-0.7071070075035095],"rlvl":1,"shape":0,"size":[1.0,2.0,1.0],"ttex":"studs","wto":253},{"botex":"inlets","bq":[-0.0,-0.0,-0.0,-1.0],"cl":"BrickObject","clr":"Gray","fr":true,"locked":false,"lpos":[0.0,3.0,-0.5000152587890625],"name":"Brick1","pos":[31.499923706054688,51.0,-66.50001525878906],"q":[0.0,0.7071064710617065,0.0,-0.7071070075035095],"rlvl":1,"shape":0,"size":[1.0,1.0,5.0],"ttex":"studs","wto":258},{"botex":"inlets","bq":[-0.0,-0.0,-0.0,-1.0],"cl":"BrickObject","clr":"Black","fr":true,"locked":false,"lpos":[0.0,1.5,-0.5000152587890625],"name":"Brick1","pos":[31.499923706054688,49.5,-66.50001525878906],"q":[0.0,0.7071064710617065,0.0,-0.7071070075035095],"rlvl":1,"shape":0,"size":[1.0,2.0,3.0],"ttex":"studs","wto":255},{"botex":"inlets","bq":[-0.0,-0.0,-0.0,-1.0],"cl":"BrickObject","clr":"Gray","fr":true,"locked":false,"lpos":[2.0,1.5,-0.5000152587890625],"name":"Brick1","pos":[33.49992370605469,49.5,-66.50001525878906],"q":[0.0,0.7071064710617065,0.0,-0.7071070075035095],"rlvl":1,"shape":0,"size":[1.0,2.0,1.0],"ttex":"studs","wto":253},{"botex":"inlets","bq":[-0.0,-0.0,-0.0,-1.0],"cl":"BrickObject","clr":"Brown","fr":true,"locked":false,"lpos":[0.0,0.0,0.0],"name":"Brick1","pos":[34.0,46.0,-78.50001525878906],"q":[0.0,0.7071065902709961,0.0,-0.70710688829422],"rlvl":1,"shape":0,"size":[3.0,1.0,12.0],"ttex":"studs","wto":0},{"botex":"inlets","bq":[-0.0,-0.0,-0.0,-1.0],"cl":"BrickObject","clr":"Green","fr":true,"locked":false,"lpos":[68.0,20.5,-73.0],"name":"Ball","pos":[68.0,50.5,-73.0],"q":[0.0,0.0,0.0,-1.0],"shape":1,"size":[10.0,10.0,10.0],"ttex":"studs","wto":1},{"botex":"inlets","bq":[-0.0,-0.0,-0.0,-1.0],"cl":"BrickObject","clr":"Brown","fr":true,"locked":false,"lpos":[-5.5,1.5,0.5000152587890625],"name":"Brick1","pos":[28.5,47.5,-78.0],"q":[0.0,0.7071065902709961,0.0,-0.70710688829422],"rlvl":1,"shape":0,"size":[2.0,2.0,1.0],"ttex":"studs","wto":259},{"botex":"inlets","bq":[-0.0,-0.0,-0.0,-1.0],"cl":"BrickObject","clr":"Brown","fr":true,"locked":false,"lpos":[5.5,1.5,0.5000152587890625],"name":"Brick1","pos":[39.5,47.5,-78.0],"q":[0.0,0.7071065902709961,0.0,-0.70710688829422],"rlvl":1,"shape":0,"size":[2.0,2.0,1.0],"ttex":"studs","wto":259},{"botex":"inlets","bq":[-0.0,-0.0,-0.0,-1.0],"cl":"BrickObject","clr":"Brown","fr":true,"locked":false,"name":"Brick1","pos":[34.0,48.0,-79.50001525878906],"rlvl":2,"shape":0,"size":[12.0,3.0,1.0],"ttex":"studs","wto":0},{"botex":"inlets","bq":[-0.0,-0.0,-0.0,-1.0],"cl":"BrickObject","clr":"Caucasian","fr":true,"locked":false,"lpos":[38.0,23.0,-80.50001525878906],"name":"Brick1","pos":[38.0,53.0,-80.50001525878906],"q":[0.0,0.7071067094802856,0.0,-0.7071067690849304],"rlvl":1,"shape":0,"size":[1.0,3.0,26.0],"ttex":"studs","wto":191},{"botex":"inlets","bq":[-0.0,-0.0,-0.0,-1.0],"cl":"BrickObject","clr":"Brown","fr":true,"locked":false,"lpos":[48.5,16.5,-69.50001525878906],"name":"Brick1","pos":[48.5,46.5,-69.50001525878906],"q":[0.0,-0.7071065902709961,0.0,-0.70710688829422],"rlvl":3,"shape":0,"size":[1.0,2.0,1.0],"ttex":"studs","wto":165},{"botex":"inlets","bq":[-0.0,-0.0,-0.0,-1.0],"cl":"BrickObject","clr":"Brown","fr":true,"locked":false,"lpos":[48.49991226196289,16.5,-60.5],"name":"Brick1","pos":[48.49991226196289,46.5,-60.5],"q":[0.0,-0.7071065902709961,0.0,-0.70710688829422],"rlvl":3,"shape":0,"size":[1.0,2.0,1.0],"ttex":"studs","wto":164},{"botex":"inlets","bq":[-0.0,-0.0,-0.0,-1.0],"cl":"BrickObject","clr":"Brown","fr":true,"locked":false,"lpos":[45.49991226196289,16.5,-60.5],"name":"Brick1","pos":[45.49991226196289,46.5,-60.5],"q":[0.0,-0.7071065902709961,0.0,-0.70710688829422],"rlvl":3,"shape":0,"size":[1.0,2.0,1.0],"ttex":"studs","wto":164},{"botex":"inlets","bq":[-0.0,-0.0,-0.0,-1.0],"cl":"BrickObject","clr":"Brown","fr":true,"locked":false,"lpos":[45.5,16.5,-69.50001525878906],"name":"Brick1","pos":[45.5,46.5,-69.50001525878906],"q":[0.0,-0.7071065902709961,0.0,-0.70710688829422],"rlvl":3,"shape":0,"size":[1.0,2.0,1.0],"ttex":"studs","wto":165},{"botex":"inlets","bq":[-0.0,-0.0,-0.0,-1.0],"cl":"BrickObject","clr":"Brown","fr":true,"locked":false,"lpos":[47.0,18.0,-65.0],"name":"Brick1","pos":[47.0,48.0,-65.0],"q":[0.0,-0.7071065902709961,0.0,-0.70710688829422],"rlvl":3,"shape":0,"size":[10.0,1.0,4.0],"ttex":"studs","wto":268},{"botex":"inlets","bq":[-0.0,-0.0,-0.0,-1.0],"cl":"BrickObject","clr":"LightBlue","fr":true,"locked":false,"lpos":[25.499923706054688,20.0,-73.0],"name":"Brick1","pos":[25.499923706054688,50.0,-73.0],"q":[0.0,0.7071065902709961,0.0,-0.70710688829422],"rlvl":1,"shape":0,"size":[4.0,3.0,1.0],"ttex":"studs","wto":170},{"botex":"inlets","bq":[-0.0,-0.0,-0.0,-1.0],"cl":"BrickObject","clr":"LightBlue","fr":true,"locked":false,"lpos":[34.0,20.0,-80.50001525878906],"name":"Brick1","pos":[34.0,50.0,-80.50001525878906],"q":[0.0,1.0,0.0,4.371138828673793e-08],"rlvl":2,"shape":0,"size":[4.0,3.0,1.0],"ttex":"studs","wto":168},{"botex":"inlets","bq":[-0.0,-0.0,-0.0,-1.0],"cl":"BrickObject","clr":"LightBlue","fr":true,"locked":false,"lpos":[42.0,20.0,-80.50001525878906],"name":"Brick1","pos":[42.0,50.0,-80.50001525878906],"q":[0.0,1.0,0.0,4.371138828673793e-08],"rlvl":2,"shape":0,"size":[4.0,3.0,1.0],"ttex":"studs","wto":168},{"botex":"inlets","bq":[-0.0,-0.0,-0.0,-1.0],"cl":"BrickObject","clr":"LightBlue","fr":true,"locked":false,"lpos":[50.49991989135742,20.0,-66.0],"name":"Brick1","pos":[50.49991989135742,50.0,-66.0],"q":[0.0,-0.7071065902709961,0.0,-0.70710688829422],"rlvl":3,"shape":0,"size":[4.0,3.0,1.0],"ttex":"studs","wto":167},{"botex":"inlets","bq":[-0.0,-0.0,-0.0,-1.0],"cl":"BrickObject","clr":"LightBlue","fr":true,"locked":false,"lpos":[50.49991989135742,20.0,-45.0],"name":"Brick1","pos":[50.49991989135742,50.0,-45.0],"q":[0.0,-0.7071065902709961,0.0,-0.70710688829422],"rlvl":3,"shape":0,"size":[4.0,3.0,1.0],"ttex":"studs","wto":167},{"botex":"inlets","bq":[-0.0,-0.0,-0.0,-1.0],"cl":"BrickObject","clr":"LightBlue","fr":true,"locked":false,"lpos":[43.0,20.0,-38.500022888183594],"name":"Brick1","pos":[43.0,50.0,-38.500022888183594],"q":[0.0,0.0,0.0,-1.0],"shape":0,"size":[4.0,3.0,1.0],"ttex":"studs","wto":166},{"botex":"inlets","bq":[-0.0,-0.0,-0.0,-1.0],"cl":"BrickObject","clr":"LightBlue","fr":true,"locked":false,"lpos":[34.49992370605469,20.0,-45.0],"name":"Brick1","pos":[34.49992370605469,50.0,-45.0],"q":[0.0,0.7071065902709961,0.0,-0.70710688829422],"rlvl":1,"shape":0,"size":[4.0,3.0,1.0],"ttex":"studs","wto":173}]}